<environmentvariabledefinition schemaname="mpa_MassUploadURL">
  <defaultvalue>https://apps.powerapps.com/play/e/5b3124a6-2d27-e07f-90af-f4b40a567b06/a/4efc24fa-97aa-450b-8622-3c3732efa7d7?tenantId=fe2dcd3b-6648-414a-8c8e-8761944769ce&amp;hidenavbar=true</defaultvalue>
  <displayname default="Mass Upload URL">
    <label description="Mass Upload URL" languagecode="1033" />
  </displayname>
  <introducedversion>1.0.0.0</introducedversion>
  <iscustomizable>1</iscustomizable>
  <isrequired>0</isrequired>
  <secretstore>0</secretstore>
  <type>100000000</type>
</environmentvariabledefinition>