<ImportExportXml version="9.2.22083.172" SolutionPackageVersion="9.2" languagecode="1033" generatedBy="CrmLive" xmlns:xsi="http://www.w3.org/2001/XMLSchema-instance">
  <SolutionManifest>
    <UniqueName>SAPIntegrationPublicPreview</UniqueName>
    <LocalizedNames>
      <LocalizedName description="SAP Integration (Public Preview)" languagecode="1033" />
    </LocalizedNames>
    <Descriptions />
    <Version>1.0.0.8</Version>
    <Managed>0</Managed>
    <Publisher>
      <UniqueName>SAP</UniqueName>
      <LocalizedNames>
        <LocalizedName description="SAP" languagecode="1033" />
      </LocalizedNames>
      <Descriptions />
      <EMailAddress xsi:nil="true"></EMailAddress>
      <SupportingWebsiteUrl xsi:nil="true"></SupportingWebsiteUrl>
      <CustomizationPrefix>sap</CustomizationPrefix>
      <CustomizationOptionValuePrefix>91858</CustomizationOptionValuePrefix>
      <Addresses>
        <Address>
          <AddressNumber>1</AddressNumber>
          <AddressTypeCode>1</AddressTypeCode>
          <City xsi:nil="true"></City>
          <County xsi:nil="true"></County>
          <Country xsi:nil="true"></Country>
          <Fax xsi:nil="true"></Fax>
          <FreightTermsCode xsi:nil="true"></FreightTermsCode>
          <ImportSequenceNumber xsi:nil="true"></ImportSequenceNumber>
          <Latitude xsi:nil="true"></Latitude>
          <Line1 xsi:nil="true"></Line1>
          <Line2 xsi:nil="true"></Line2>
          <Line3 xsi:nil="true"></Line3>
          <Longitude xsi:nil="true"></Longitude>
          <Name xsi:nil="true"></Name>
          <PostalCode xsi:nil="true"></PostalCode>
          <PostOfficeBox xsi:nil="true"></PostOfficeBox>
          <PrimaryContactName xsi:nil="true"></PrimaryContactName>
          <ShippingMethodCode>1</ShippingMethodCode>
          <StateOrProvince xsi:nil="true"></StateOrProvince>
          <Telephone1 xsi:nil="true"></Telephone1>
          <Telephone2 xsi:nil="true"></Telephone2>
          <Telephone3 xsi:nil="true"></Telephone3>
          <TimeZoneRuleVersionNumber xsi:nil="true"></TimeZoneRuleVersionNumber>
          <UPSZone xsi:nil="true"></UPSZone>
          <UTCOffset xsi:nil="true"></UTCOffset>
          <UTCConversionTimeZoneCode xsi:nil="true"></UTCConversionTimeZoneCode>
        </Address>
        <Address>
          <AddressNumber>2</AddressNumber>
          <AddressTypeCode>1</AddressTypeCode>
          <City xsi:nil="true"></City>
          <County xsi:nil="true"></County>
          <Country xsi:nil="true"></Country>
          <Fax xsi:nil="true"></Fax>
          <FreightTermsCode xsi:nil="true"></FreightTermsCode>
          <ImportSequenceNumber xsi:nil="true"></ImportSequenceNumber>
          <Latitude xsi:nil="true"></Latitude>
          <Line1 xsi:nil="true"></Line1>
          <Line2 xsi:nil="true"></Line2>
          <Line3 xsi:nil="true"></Line3>
          <Longitude xsi:nil="true"></Longitude>
          <Name xsi:nil="true"></Name>
          <PostalCode xsi:nil="true"></PostalCode>
          <PostOfficeBox xsi:nil="true"></PostOfficeBox>
          <PrimaryContactName xsi:nil="true"></PrimaryContactName>
          <ShippingMethodCode>1</ShippingMethodCode>
          <StateOrProvince xsi:nil="true"></StateOrProvince>
          <Telephone1 xsi:nil="true"></Telephone1>
          <Telephone2 xsi:nil="true"></Telephone2>
          <Telephone3 xsi:nil="true"></Telephone3>
          <TimeZoneRuleVersionNumber xsi:nil="true"></TimeZoneRuleVersionNumber>
          <UPSZone xsi:nil="true"></UPSZone>
          <UTCOffset xsi:nil="true"></UTCOffset>
          <UTCConversionTimeZoneCode xsi:nil="true"></UTCConversionTimeZoneCode>
        </Address>
      </Addresses>
    </Publisher>
    <RootComponents>
      <RootComponent type="1" schemaName="gilman_dropdowns" behavior="0" />
      <RootComponent type="1" schemaName="gilman_menugroup" behavior="0" />
      <RootComponent type="1" schemaName="gilman_menuitem" behavior="0" />
      <RootComponent type="1" schemaName="gilman_usersearchcache" behavior="0" />
      <RootComponent type="29" id="{17c0b959-5deb-ec11-bb3d-000d3a351947}" behavior="0" />
      <RootComponent type="29" id="{18c0b959-5deb-ec11-bb3d-000d3a351947}" behavior="0" />
      <RootComponent type="29" id="{1f9a0f17-ebf0-ec11-bb3d-000d3a3af529}" behavior="0" />
      <RootComponent type="29" id="{21bad89b-ba19-ed11-b83e-000d3a315c79}" behavior="0" />
      <RootComponent type="29" id="{35f30234-7933-ed11-9db1-000d3a381ab5}" behavior="0" />
      <RootComponent type="29" id="{3723866e-d91f-ed11-b83e-000d3a5ace53}" behavior="0" />
      <RootComponent type="29" id="{58ec3423-fc2e-ed11-9db1-002248083110}" behavior="0" />
      <RootComponent type="29" id="{63f9fe91-8819-ed11-b83e-000d3a315c79}" behavior="0" />
      <RootComponent type="29" id="{70f68940-122e-ed11-9db1-002248083110}" behavior="0" />
      <RootComponent type="29" id="{84e81676-cde5-ec11-bb3c-000d3a30a881}" behavior="0" />
      <RootComponent type="29" id="{87fed265-1f1f-ed11-b83e-000d3a5acccf}" behavior="0" />
      <RootComponent type="29" id="{88fed265-1f1f-ed11-b83e-000d3a5acccf}" behavior="0" />
      <RootComponent type="29" id="{89fed265-1f1f-ed11-b83e-000d3a5acccf}" behavior="0" />
      <RootComponent type="29" id="{9705b827-952f-ed11-9db1-002248083c33}" behavior="0" />
      <RootComponent type="29" id="{98c19b57-c3f0-ec11-bb3d-000d3a3af5e0}" behavior="0" />
      <RootComponent type="29" id="{a1fe9c30-7b13-ed11-b83d-0022480900fe}" behavior="0" />
      <RootComponent type="29" id="{d309e7e6-1835-ed11-9db1-000d3a381ab5}" behavior="0" />
      <RootComponent type="29" id="{e3e61099-56e7-ec11-bb3c-000d3a30a6c8}" behavior="0" />
      <RootComponent type="29" id="{e58ee1d8-560c-ed11-82e5-000d3a35a4e2}" behavior="0" />
      <RootComponent type="29" id="{ec3c53ea-f32a-ed11-9db1-000d3a3abfd8}" behavior="0" />
      <RootComponent type="300" schemaName="gilman_salesorders_a2996" behavior="0" />
      <RootComponent type="300" schemaName="sap_purchaseorders_977e2" behavior="0" />
      <RootComponent type="401" id="{da8cd5b3-f48d-42a4-8cb0-ed5c46ac391e}" behavior="0" />
    </RootComponents>
    <MissingDependencies>
      <MissingDependency>
        <Required type="1" schemaName="environmentvariabledefinition" displayName="Environment Variable Definition" solution="EnvironmentVariables (1.0.2.138)" />
        <Dependent type="300" schemaName="gilman_salesorders_a2996" displayName="Sales Orders" />
      </MissingDependency>
      <MissingDependency>
        <Required type="1" schemaName="environmentvariabledefinition" displayName="Environment Variable Definition" solution="EnvironmentVariables (1.0.2.138)" />
        <Dependent type="300" schemaName="sap_purchaseorders_977e2" displayName="Purchase Orders" />
      </MissingDependency>
      <MissingDependency>
        <Required type="1" schemaName="environmentvariablevalue" displayName="Environment Variable Value" solution="EnvironmentVariables (1.0.2.138)" />
        <Dependent type="300" schemaName="gilman_salesorders_a2996" displayName="Sales Orders" />
      </MissingDependency>
      <MissingDependency>
        <Required type="1" schemaName="environmentvariablevalue" displayName="Environment Variable Value" solution="EnvironmentVariables (1.0.2.138)" />
        <Dependent type="300" schemaName="sap_purchaseorders_977e2" displayName="Purchase Orders" />
      </MissingDependency>
    </MissingDependencies>
  </SolutionManifest>
</ImportExportXml>