<ImportExportXml version="9.2.25111.172" SolutionPackageVersion="9.2" languagecode="1033" generatedBy="CrmLive" xmlns:xsi="http://www.w3.org/2001/XMLSchema-instance" OrganizationVersion="9.2.25111.172" OrganizationSchemaType="Standard" CRMServerServiceabilityVersion="9.2.25111.00172">
  <SolutionManifest>
    <UniqueName>SAPJournalEntries</UniqueName>
    <LocalizedNames>
      <LocalizedName description="SAP Journal Entries" languagecode="1033" />
    </LocalizedNames>
    <Descriptions />
    <Version>1.0.0.7</Version>
    <Managed>0</Managed>
    <Publisher>
      <UniqueName>PowerAccelerator</UniqueName>
      <LocalizedNames>
        <LocalizedName description="Microsoft Power Accelerator" languagecode="1033" />
      </LocalizedNames>
      <Descriptions>
        <Description description="Publisher for the Microsoft Power Accelerator team." languagecode="1033" />
      </Descriptions>
      <EMailAddress xsi:nil="true"></EMailAddress>
      <SupportingWebsiteUrl xsi:nil="true"></SupportingWebsiteUrl>
      <CustomizationPrefix>mpa</CustomizationPrefix>
      <CustomizationOptionValuePrefix>86542</CustomizationOptionValuePrefix>
      <Addresses>
        <Address>
          <AddressNumber>1</AddressNumber>
          <AddressTypeCode>1</AddressTypeCode>
          <City xsi:nil="true"></City>
          <County xsi:nil="true"></County>
          <Country xsi:nil="true"></Country>
          <Fax xsi:nil="true"></Fax>
          <FreightTermsCode xsi:nil="true"></FreightTermsCode>
          <ImportSequenceNumber xsi:nil="true"></ImportSequenceNumber>
          <Latitude xsi:nil="true"></Latitude>
          <Line1 xsi:nil="true"></Line1>
          <Line2 xsi:nil="true"></Line2>
          <Line3 xsi:nil="true"></Line3>
          <Longitude xsi:nil="true"></Longitude>
          <Name xsi:nil="true"></Name>
          <PostalCode xsi:nil="true"></PostalCode>
          <PostOfficeBox xsi:nil="true"></PostOfficeBox>
          <PrimaryContactName xsi:nil="true"></PrimaryContactName>
          <ShippingMethodCode>1</ShippingMethodCode>
          <StateOrProvince xsi:nil="true"></StateOrProvince>
          <Telephone1 xsi:nil="true"></Telephone1>
          <Telephone2 xsi:nil="true"></Telephone2>
          <Telephone3 xsi:nil="true"></Telephone3>
          <TimeZoneRuleVersionNumber xsi:nil="true"></TimeZoneRuleVersionNumber>
          <UPSZone xsi:nil="true"></UPSZone>
          <UTCOffset xsi:nil="true"></UTCOffset>
          <UTCConversionTimeZoneCode xsi:nil="true"></UTCConversionTimeZoneCode>
        </Address>
        <Address>
          <AddressNumber>2</AddressNumber>
          <AddressTypeCode>1</AddressTypeCode>
          <City xsi:nil="true"></City>
          <County xsi:nil="true"></County>
          <Country xsi:nil="true"></Country>
          <Fax xsi:nil="true"></Fax>
          <FreightTermsCode xsi:nil="true"></FreightTermsCode>
          <ImportSequenceNumber xsi:nil="true"></ImportSequenceNumber>
          <Latitude xsi:nil="true"></Latitude>
          <Line1 xsi:nil="true"></Line1>
          <Line2 xsi:nil="true"></Line2>
          <Line3 xsi:nil="true"></Line3>
          <Longitude xsi:nil="true"></Longitude>
          <Name xsi:nil="true"></Name>
          <PostalCode xsi:nil="true"></PostalCode>
          <PostOfficeBox xsi:nil="true"></PostOfficeBox>
          <PrimaryContactName xsi:nil="true"></PrimaryContactName>
          <ShippingMethodCode>1</ShippingMethodCode>
          <StateOrProvince xsi:nil="true"></StateOrProvince>
          <Telephone1 xsi:nil="true"></Telephone1>
          <Telephone2 xsi:nil="true"></Telephone2>
          <Telephone3 xsi:nil="true"></Telephone3>
          <TimeZoneRuleVersionNumber xsi:nil="true"></TimeZoneRuleVersionNumber>
          <UPSZone xsi:nil="true"></UPSZone>
          <UTCOffset xsi:nil="true"></UTCOffset>
          <UTCConversionTimeZoneCode xsi:nil="true"></UTCConversionTimeZoneCode>
        </Address>
      </Addresses>
    </Publisher>
    <RootComponents>
      <RootComponent type="1" schemaName="mpa_saperror" behavior="0" />
      <RootComponent type="1" schemaName="mpa_saplistofvalue" behavior="0" />
      <RootComponent type="1" schemaName="mpa_saplocalization" behavior="0" />
      <RootComponent type="1" schemaName="mpa_sapmassupdate" behavior="0" />
      <RootComponent type="1" schemaName="mpa_sapmenuitem" behavior="0" />
      <RootComponent type="1" schemaName="mpa_sapsearchhistory" behavior="0" />
      <RootComponent type="9" schemaName="mpa_language" behavior="0" />
      <RootComponent type="29" id="{62092683-15f1-ef11-9342-0022480bcdb1}" behavior="0" />
      <RootComponent type="29" id="{a9210fc4-8a5d-f011-bec2-6045bd06ae4e}" behavior="0" />
      <RootComponent type="29" id="{b1002b2f-1d5c-f011-bec2-6045bd06ae4e}" behavior="0" />
      <RootComponent type="29" id="{e13f3ce1-9a5b-ed11-9562-000d3a341930}" behavior="0" />
      <RootComponent type="29" id="{e3462d0a-1c5d-f011-bec1-6045bd02bab4}" behavior="0" />
      <RootComponent type="29" id="{ff0eddcb-05ef-ef11-9341-0022480a599c}" behavior="0" />
      <RootComponent type="61" schemaName="mpa_ErrorIcon" behavior="0" />
      <RootComponent type="61" schemaName="mpa_ListofValueIcon" behavior="0" />
      <RootComponent type="61" schemaName="mpa_MenuItemsIcon" behavior="0" />
      <RootComponent type="61" schemaName="mpa_rederror" behavior="0" />
      <RootComponent type="61" schemaName="mpa_SuccessIcon" behavior="0" />
      <RootComponent type="61" schemaName="mpa_WorldIcon" behavior="0" />
      <RootComponent type="61" schemaName="mpa_yellowwarning" behavior="0" />
      <RootComponent type="300" schemaName="mpa_massupload_6625f" behavior="0" />
    </RootComponents>
    <MissingDependencies />
  </SolutionManifest>
</ImportExportXml>