{
  "properties": {
    "connectionReferences": {
      "shared_saperp_1": {
        "runtimeSource": "invoker",
        "connection": {
          "connectionReferenceLogicalName": "gilman_sharedsaperp_74c03"
        },
        "api": {
          "name": "shared_saperp"
        }
      }
    },
    "definition": {
      "$schema": "https://schema.management.azure.com/providers/Microsoft.Logic/schemas/2016-06-01/workflowdefinition.json#",
      "contentVersion": "1.0.0.0",
      "parameters": {
        "$connections": {
          "defaultValue": {},
          "type": "Object"
        },
        "$authentication": {
          "defaultValue": {},
          "type": "SecureObject"
        }
      },
      "triggers": {
        "manual": {
          "metadata": {
            "operationMetadataId": "5e52000a-d399-4ea0-9cb9-d60c76584c7d"
          },
          "type": "Request",
          "kind": "PowerApp",
          "inputs": {
            "schema": {
              "type": "object",
              "properties": {
                "ParseJSON_Content": {
                  "type": "any",
                  "x-ms-powerflows-param-ispartial": false
                }
              },
              "required": [
                "ParseJSON_Content"
              ]
            }
          }
        }
      },
      "actions": {
        "Split_File_Into_Chunks": {
          "runAfter": {
            "base64ToBinary": [
              "Succeeded"
            ]
          },
          "metadata": {
            "operationMetadataId": "3cd5be85-11fd-4acd-b358-aef94cab7ba5"
          },
          "type": "InitializeVariable",
          "inputs": {
            "variables": [
              {
                "name": "FileContent",
                "type": "array",
                "value": "@chunk(variables('ContentBytes'), 255)"
              }
            ]
          }
        },
        "Binary_Content_Array": {
          "runAfter": {
            "Split_File_Into_Chunks": [
              "Succeeded"
            ]
          },
          "metadata": {
            "operationMetadataId": "75ab332c-8169-4e83-8904-c9c2e24d0439"
          },
          "type": "Select",
          "inputs": {
            "from": "@variables('FileContent')",
            "select": {
              "LINE": "@item()"
            }
          }
        },
        "Parse_JSON": {
          "runAfter": {},
          "metadata": {
            "operationMetadataId": "894b818f-006c-4c29-8fc5-fc26a98b7fd5"
          },
          "type": "ParseJson",
          "inputs": {
            "content": "@triggerBody()['ParseJSON_Content']",
            "schema": {
              "type": "object",
              "items": {
                "type": "object",
                "properties": {
                  "ContentBytes": {
                    "type": "string"
                  },
                  "Name": {
                    "type": "string"
                  },
                  "ObjectType": {
                    "type": "string"
                  },
                  "ObjectId": {
                    "type": "string"
                  }
                }
              }
            }
          }
        },
        "base64ToBinary": {
          "runAfter": {
            "Parse_JSON": [
              "Succeeded"
            ]
          },
          "metadata": {
            "operationMetadataId": "bc0c0df0-2455-4560-9492-9d775b47aed6"
          },
          "type": "InitializeVariable",
          "inputs": {
            "variables": [
              {
                "name": "ContentBytes",
                "type": "string",
                "value": "@{base64ToBinary(body('Parse_JSON')['ContentBytes'])}"
              }
            ]
          }
        },
        "SO_FOLDER_ROOT_ID_GET": {
          "runAfter": {
            "Binary_Content_Array": [
              "Succeeded"
            ]
          },
          "metadata": {
            "operationMetadataId": "e7114cdd-a4d6-4e43-bdbb-ef2dd09c56f0"
          },
          "type": "OpenApiConnection",
          "inputs": {
            "host": {
              "connectionName": "shared_saperp_1",
              "operationId": "Invoke",
              "apiId": "/providers/Microsoft.PowerApps/apis/shared_saperp"
            },
            "parameters": {
              "AppServerHost": "sap.clearsoftware.com",
              "Client": 100,
              "SystemNumber": "00",
              "function": "SO_FOLDER_ROOT_ID_GET",
              "isSessionStateful": "Yes",
              "UseSnc": false,
              "SncLibraryPath": "Optional",
              "SncSso": "Off",
              "SncMyName": "Optional",
              "SncPartnerName": "Optional",
              "SncQop": "Default",
              "functionInput/REGION": "B"
            },
            "authentication": {
              "type": "Raw",
              "value": "@json(decodeBase64(triggerOutputs().headers['X-MS-APIM-Tokens']))['$ConnectionKey']"
            }
          }
        },
        "SO_DOCUMENT_INSERT": {
          "runAfter": {
            "SO_FOLDER_ROOT_ID_GET": [
              "Succeeded"
            ]
          },
          "metadata": {
            "operationMetadataId": "5c6d22c9-0130-45df-9a7f-60459219dcce"
          },
          "type": "OpenApiConnection",
          "inputs": {
            "host": {
              "connectionName": "shared_saperp_1",
              "operationId": "Invoke",
              "apiId": "/providers/Microsoft.PowerApps/apis/shared_saperp"
            },
            "parameters": {
              "AppServerHost": "sap.clearsoftware.com",
              "Client": 100,
              "SystemNumber": "00",
              "function": "SO_DOCUMENT_INSERT",
              "isSessionStateful": "Yes",
              "UseSnc": false,
              "SncLibraryPath": "Optional",
              "SncSso": "Off",
              "SncMyName": "Optional",
              "SncPartnerName": "Optional",
              "SncQop": "Default",
              "functionInput/DOCUMENT_TYPE": "EXT",
              "functionInput/OBJECT_HD_CHANGE/OBJDES": "@body('Parse_JSON')['Name']",
              "functionInput/OBJECT_HD_CHANGE/FILE_EXT": "@split(body('Parse_JSON')['Name'], '.')[1]",
              "functionInput/OBJECT_HD_CHANGE/OBJLEN": "@length(body('Parse_JSON')['ContentBytes'])",
              "functionInput/PARENT_ID/OBJTP": "@outputs('SO_FOLDER_ROOT_ID_GET')?['body/FOLDER_ID/OBJTP']",
              "functionInput/PARENT_ID/OBJYR": "@outputs('SO_FOLDER_ROOT_ID_GET')?['body/FOLDER_ID/OBJYR']",
              "functionInput/PARENT_ID/OBJNO": "@outputs('SO_FOLDER_ROOT_ID_GET')?['body/FOLDER_ID/OBJNO']",
              "functionInput/OBJCONT_BIN": "@body('Binary_Content_Array')",
              "functionInput/OBJHEAD": [
                {
                  "LINE": "&SO_FILENAME=@{body('Parse_JSON')['Name']}"
                },
                {
                  "LINE": "&SO_FORMAT=BIN"
                }
              ]
            },
            "authentication": {
              "type": "Raw",
              "value": "@json(decodeBase64(triggerOutputs().headers['X-MS-APIM-Tokens']))['$ConnectionKey']"
            }
          }
        },
        "BINARY_RELATION_CREATE": {
          "runAfter": {
            "SO_DOCUMENT_INSERT": [
              "Succeeded"
            ]
          },
          "metadata": {
            "operationMetadataId": "e7114cdd-a4d6-4e43-bdbb-ef2dd09c56f0"
          },
          "type": "OpenApiConnection",
          "inputs": {
            "host": {
              "connectionName": "shared_saperp_1",
              "operationId": "Invoke",
              "apiId": "/providers/Microsoft.PowerApps/apis/shared_saperp"
            },
            "parameters": {
              "AppServerHost": "sap.clearsoftware.com",
              "Client": 100,
              "SystemNumber": "00",
              "function": "BINARY_RELATION_CREATE",
              "isSessionStateful": "Yes",
              "UseSnc": false,
              "SncLibraryPath": "Optional",
              "SncSso": "Off",
              "SncMyName": "Optional",
              "SncPartnerName": "Optional",
              "SncQop": "Default",
              "functionInput/OBJ_ROLEA/OBJKEY": "@body('Parse_JSON')['ObjectId']",
              "functionInput/OBJ_ROLEA/OBJTYPE": "@body('Parse_JSON')['ObjectType']",
              "functionInput/OBJ_ROLEB/OBJKEY": "@{outputs('SO_FOLDER_ROOT_ID_GET')?['body/FOLDER_ID/OBJTP']}@{outputs('SO_FOLDER_ROOT_ID_GET')?['body/FOLDER_ID/OBJYR']}@{outputs('SO_FOLDER_ROOT_ID_GET')?['body/FOLDER_ID/OBJNO']}@{outputs('SO_DOCUMENT_INSERT')?['body/DOCUMENT_ID/OBJTP']}@{outputs('SO_DOCUMENT_INSERT')?['body/DOCUMENT_ID/OBJYR']}@{outputs('SO_DOCUMENT_INSERT')?['body/DOCUMENT_ID/OBJNO']}",
              "functionInput/OBJ_ROLEB/OBJTYPE": "MESSAGE",
              "functionInput/RELATIONTYPE": "ATTA"
            },
            "authentication": {
              "type": "Raw",
              "value": "@json(decodeBase64(triggerOutputs().headers['X-MS-APIM-Tokens']))['$ConnectionKey']"
            }
          }
        }
      }
    }
  },
  "schemaVersion": "1.0.0.0"
}