{
  "properties": {
    "connectionReferences": {
      "shared_saperppreview": {
        "runtimeSource": "invoker",
        "connection": {
          "connectionReferenceLogicalName": "sap_sharedsaperppreview_a2c25"
        },
        "api": {
          "name": "shared_saperppreview"
        }
      }
    },
    "definition": {
      "$schema": "https://schema.management.azure.com/providers/Microsoft.Logic/schemas/2016-06-01/workflowdefinition.json#",
      "contentVersion": "1.0.0.0",
      "parameters": {
        "$connections": {
          "defaultValue": {},
          "type": "Object"
        },
        "$authentication": {
          "defaultValue": {},
          "type": "SecureObject"
        },
        "SAP Development (sap_SAPDevelopment)": {
          "defaultValue": "{\"AppServerHost\":\"sap.clearsoftware.com\",\"Client\":\"100\",\"SystemNumber\":\"00\",\"LogonType\":\"ApplicationServer\"}",
          "type": "String",
          "metadata": {
            "schemaName": "sap_SAPDevelopment"
          }
        }
      },
      "triggers": {
        "manual": {
          "metadata": {
            "operationMetadataId": "372b7054-7b2f-47fd-8f43-a13135106cd7"
          },
          "type": "Request",
          "kind": "PowerApp",
          "inputs": {
            "schema": {
              "type": "object",
              "properties": {
                "Customer_Value": {
                  "type": "string",
                  "description": "Enter initial value",
                  "x-ms-powerflows-param-ispartial": false
                }
              },
              "required": [
                "Customer_Value"
              ]
            }
          }
        }
      },
      "actions": {
        "Customer": {
          "runAfter": {},
          "metadata": {
            "operationMetadataId": "4b0212c7-3ffa-4661-9cb5-e4e8ac8d68e7"
          },
          "type": "InitializeVariable",
          "inputs": {
            "variables": [
              {
                "name": "Customer",
                "type": "string",
                "value": "@{triggerBody()['Customer_Value']}"
              }
            ]
          }
        },
        "Response": {
          "runAfter": {
            "Parse_Header": [
              "Succeeded"
            ]
          },
          "metadata": {
            "operationMetadataId": "3acb6b71-7516-4f46-82a7-fe87c0f4120b"
          },
          "type": "Response",
          "kind": "Http",
          "inputs": {
            "statusCode": 200,
            "body": {
              "Header": "@body('Parse_Header')[0]",
              "Customer": "@body('Parse_Header')[0]['Customer']",
              "Messages": []
            },
            "schema": {
              "type": "object",
              "properties": {
                "Customer": {
                  "type": "string"
                },
                "Header": {
                  "type": "object",
                  "properties": {
                    "Customer": {
                      "type": "string"
                    },
                    "Country": {
                      "type": "string"
                    },
                    "Name": {
                      "type": "string"
                    },
                    "City": {
                      "type": "string"
                    },
                    "PostalCode": {
                      "type": "string"
                    },
                    "Street": {
                      "type": "string"
                    },
                    "Region": {
                      "type": "string"
                    }
                  }
                }
              }
            }
          }
        },
        "Header": {
          "runAfter": {
            "Customer": [
              "Succeeded"
            ]
          },
          "metadata": {
            "operationMetadataId": "c4a951cf-cc55-4699-98c9-a587c7379ccf"
          },
          "type": "OpenApiConnection",
          "inputs": {
            "host": {
              "connectionName": "shared_saperppreview",
              "operationId": "ReadTableVersion3",
              "apiId": "/providers/Microsoft.PowerApps/apis/shared_saperppreview"
            },
            "parameters": {
              "x-ms-sap-system": "@parameters('SAP Development (sap_SAPDevelopment)')",
              "inputParameters/tableName": "KNA1",
              "inputParameters/FieldNames": [
                "KUNNR",
                "LAND1",
                "NAME1",
                "ORT01",
                "PSTLZ",
                "STRAS",
                "REGIO"
              ],
              "inputParameters/RowCount": 9999,
              "inputParameters/WhereFilters": [
                "KUNNR = '@{if(isInt(variables('Customer')), formatNumber(int(variables('Customer')), 'D10'), variables('Customer'))}'"
              ]
            },
            "authentication": {
              "type": "Raw",
              "value": "@json(decodeBase64(triggerOutputs().headers['X-MS-APIM-Tokens']))['$ConnectionKey']"
            }
          }
        },
        "Parse_Header": {
          "runAfter": {
            "Header": [
              "Succeeded"
            ]
          },
          "metadata": {
            "operationMetadataId": "6003c2e5-4622-4651-a22c-4f9c695bbac0"
          },
          "type": "Select",
          "inputs": {
            "from": "@outputs('Header')?['body/Rows']",
            "select": {
              "Customer": "@if(isInt(item()?['KUNNR']), string(int(item()?['KUNNR'])), item()?['KUNNR'])",
              "Country": "@item()?['LAND1']",
              "Name": "@item()?['NAME1']",
              "City": "@item()?['ORT01']",
              "PostalCode": "@item()?['PSTLZ']",
              "Street": "@item()?['STRAS']",
              "Region": "@item()?['REGIO']"
            }
          }
        }
      }
    }
  },
  "schemaVersion": "1.0.0.0"
}