{
  "properties": {
    "connectionReferences": {
      "shared_saperp": {
        "runtimeSource": "invoker",
        "connection": {
          "connectionReferenceLogicalName": "gilman_sharedsaperp_74c03"
        },
        "api": {
          "name": "shared_saperp"
        }
      },
      "shared_saperppreview": {
        "runtimeSource": "invoker",
        "connection": {
          "connectionReferenceLogicalName": "sap_sharedsaperppreview_a2c25"
        },
        "api": {
          "name": "shared_saperppreview"
        }
      }
    },
    "definition": {
      "$schema": "https://schema.management.azure.com/providers/Microsoft.Logic/schemas/2016-06-01/workflowdefinition.json#",
      "contentVersion": "1.0.0.0",
      "parameters": {
        "$connections": {
          "defaultValue": {},
          "type": "Object"
        },
        "$authentication": {
          "defaultValue": {},
          "type": "SecureObject"
        },
        "SAP Development (sap_SAPDevelopment)": {
          "defaultValue": "{\"AppServerHost\":\"sap.clearsoftware.com\",\"Client\":\"100\",\"SystemNumber\":\"00\",\"LogonType\":\"ApplicationServer\"}",
          "type": "String",
          "metadata": {
            "schemaName": "sap_SAPDevelopment"
          }
        }
      },
      "triggers": {
        "manual": {
          "metadata": {
            "operationMetadataId": "5c51a590-2db4-4044-a540-16dc6d682b69"
          },
          "type": "Request",
          "kind": "PowerApp",
          "inputs": {
            "schema": {
              "type": "object",
              "properties": {
                "ParseJSON_Content": {
                  "type": "any",
                  "x-ms-powerflows-param-ispartial": false
                }
              },
              "required": [
                "ParseJSON_Content"
              ]
            }
          }
        }
      },
      "actions": {
        "Response": {
          "runAfter": {
            "Parse_Vendors": [
              "Succeeded"
            ]
          },
          "metadata": {
            "operationMetadataId": "3acb6b71-7516-4f46-82a7-fe87c0f4120b"
          },
          "type": "Response",
          "kind": "Http",
          "inputs": {
            "statusCode": 200,
            "body": {
              "List": "@body('Parse_List')",
              "Names": "@body('Parse_Vendors')",
              "Messages": [
                {
                  "Message": "@{length(body('Parse_List'))} order(s) found based on your search criteria."
                }
              ]
            },
            "schema": {
              "type": "object",
              "properties": {
                "List": {
                  "type": "array",
                  "items": {
                    "type": "object",
                    "properties": {
                      "Order": {
                        "type": "string"
                      },
                      "Type": {
                        "type": "string"
                      },
                      "Vendor": {
                        "type": "string"
                      },
                      "CreatedOn": {
                        "type": "string"
                      }
                    },
                    "required": [
                      "Order",
                      "Type",
                      "Vendor",
                      "CreatedOn"
                    ]
                  }
                },
                "Names": {
                  "type": "array",
                  "items": {
                    "type": "object",
                    "properties": {
                      "Vendor": {
                        "type": "string"
                      },
                      "Name": {
                        "type": "string"
                      }
                    },
                    "required": [
                      "Vendor",
                      "Name"
                    ]
                  }
                },
                "Messages": {
                  "type": "array",
                  "items": {
                    "type": "object",
                    "properties": {
                      "Message": {
                        "type": "string"
                      }
                    },
                    "required": [
                      "Message"
                    ]
                  }
                }
              }
            }
          }
        },
        "Parse_JSON": {
          "runAfter": {},
          "metadata": {
            "operationMetadataId": "12f0f586-4295-4bdd-8329-522cf48feb2c"
          },
          "type": "ParseJson",
          "inputs": {
            "content": "@triggerBody()['ParseJSON_Content']",
            "schema": {
              "type": "object",
              "properties": {
                "Type": {
                  "type": "string"
                },
                "Order": {
                  "type": "string"
                },
                "CreatedOn": {
                  "type": "string"
                },
                "Vendor": {
                  "type": "string"
                }
              }
            }
          }
        },
        "Criteria": {
          "runAfter": {
            "Parse_JSON": [
              "Succeeded"
            ]
          },
          "metadata": {
            "operationMetadataId": "6cbfab8f-a161-42d5-9e57-30c613507fb2"
          },
          "type": "InitializeVariable",
          "inputs": {
            "variables": [
              {
                "name": "Criteria",
                "type": "array",
                "value": [
                  "MANDT = '100'",
                  "AND BSART LIKE '%@{body('Parse_JSON')?['Type']}%'",
                  "AND LIFNR LIKE '%@{body('Parse_JSON')?['Vendor']}%'",
                  "AND EBELN LIKE '%@{body('Parse_JSON')?['Order']}%'",
                  "AND AEDAT LIKE '%@{body('Parse_JSON')?['CreatedOn']}%'"
                ]
              }
            ]
          }
        },
        "Parse_List": {
          "runAfter": {
            "SAP_Query": [
              "Succeeded"
            ]
          },
          "metadata": {
            "operationMetadataId": "6003c2e5-4622-4651-a22c-4f9c695bbac0"
          },
          "type": "Select",
          "inputs": {
            "from": "@outputs('SAP_Query')?['body/Rows']",
            "select": {
              "Type": "@item()?['BSART']",
              "Vendor": "@if(isInt(item()?['LIFNR']), string(int(item()?['LIFNR'])), item()?['LIFNR'])",
              "CreatedOn": "@item()?['ERDAT']",
              "VendorRaw": "@item()?['LIFNR']",
              "Order": "@if(isInt(item()?['EBELN']), string(int(item()?['EBELN'])), item()?['EBELN'])"
            }
          }
        },
        "Prepare_Data_for_LFA1_IN_Statement": {
          "runAfter": {
            "Parse_List": [
              "Succeeded"
            ]
          },
          "metadata": {
            "operationMetadataId": "6003c2e5-4622-4651-a22c-4f9c695bbac0"
          },
          "type": "Select",
          "inputs": {
            "from": "@body('Parse_List')",
            "select": {
              "TEXT": "'@{item()?['VendorRaw']}',"
            }
          }
        },
        "Finalize_IN_Statement": {
          "runAfter": {
            "Prepare_Data_for_LFA1_IN_Statement": [
              "Succeeded"
            ]
          },
          "metadata": {
            "operationMetadataId": "42c0b6dd-26a1-41e9-b4a7-8d91fc33dd16"
          },
          "type": "Compose",
          "inputs": "@union(json('[{\"TEXT\": \"LIFNR IN (\"}]'), body('Prepare_Data_for_LFA1_IN_Statement'), json('[{\"TEXT\": \")\"}]'))"
        },
        "Vendor_Names": {
          "runAfter": {
            "Finalize_IN_Statement": [
              "Succeeded"
            ]
          },
          "metadata": {
            "operationMetadataId": "c4a951cf-cc55-4699-98c9-a587c7379ccf"
          },
          "type": "OpenApiConnection",
          "inputs": {
            "host": {
              "connectionName": "shared_saperp",
              "operationId": "Invoke",
              "apiId": "/providers/Microsoft.PowerApps/apis/shared_saperp"
            },
            "parameters": {
              "AppServerHost": "sap.clearsoftware.com",
              "Client": 100,
              "SystemNumber": "00",
              "function": "RFC_READ_TABLE",
              "isSessionStateful": "No",
              "UseSnc": false,
              "SncLibraryPath": "Optional",
              "SncSso": "Off",
              "SncMyName": "Optional",
              "SncPartnerName": "Optional",
              "SncQop": "Default",
              "functionInput/QUERY_TABLE": "LFA1",
              "functionInput/ROWCOUNT": 9999,
              "functionInput/FIELDS": [
                {
                  "FIELDNAME": "LIFNR"
                },
                {
                  "FIELDNAME": "NAME1"
                },
                {
                  "FIELDNAME": "MANDT"
                }
              ],
              "functionInput/OPTIONS": "@outputs('Finalize_IN_Statement')"
            },
            "authentication": {
              "type": "Raw",
              "value": "@json(decodeBase64(triggerOutputs().headers['X-MS-APIM-Tokens']))['$ConnectionKey']"
            }
          }
        },
        "Parse_Vendors": {
          "runAfter": {
            "Vendor_Names": [
              "Succeeded"
            ]
          },
          "metadata": {
            "operationMetadataId": "6003c2e5-4622-4651-a22c-4f9c695bbac0"
          },
          "type": "Select",
          "inputs": {
            "from": "@outputs('Vendor_Names')?['body/DATA']",
            "select": {
              "Vendor": "@if(isInt(trim(substring(item()?['WA'], 0, 10))), string(int(trim(substring(item()?['WA'], 0, 10)))), trim(substring(item()?['WA'], 0, 10)))",
              "Name": "@trim(substring(item()?['WA'], 10, 35))"
            }
          }
        },
        "SAP_Query": {
          "runAfter": {
            "Criteria": [
              "Succeeded"
            ]
          },
          "metadata": {
            "operationMetadataId": "e413a07b-d4f8-4d4c-bbec-8742977cad9d"
          },
          "type": "OpenApiConnection",
          "inputs": {
            "host": {
              "connectionName": "shared_saperppreview",
              "operationId": "ReadTableVersion3",
              "apiId": "/providers/Microsoft.PowerApps/apis/shared_saperppreview"
            },
            "parameters": {
              "x-ms-sap-system": "@parameters('SAP Development (sap_SAPDevelopment)')",
              "inputParameters/tableName": "EKKO",
              "inputParameters/FieldNames": [
                "EBELN",
                "BSART",
                "LIFNR",
                "AEDAT"
              ],
              "inputParameters/RowCount": 9999,
              "inputParameters/WhereFilters": "@variables('Criteria')"
            },
            "authentication": {
              "type": "Raw",
              "value": "@json(decodeBase64(triggerOutputs().headers['X-MS-APIM-Tokens']))['$ConnectionKey']"
            }
          }
        }
      }
    }
  },
  "schemaVersion": "1.0.0.0"
}