{
  "properties": {
    "connectionReferences": {
      "shared_saperppreview": {
        "runtimeSource": "invoker",
        "connection": {
          "connectionReferenceLogicalName": "sap_sharedsaperppreview_a2c25"
        },
        "api": {
          "name": "shared_saperppreview"
        }
      }
    },
    "definition": {
      "$schema": "https://schema.management.azure.com/providers/Microsoft.Logic/schemas/2016-06-01/workflowdefinition.json#",
      "contentVersion": "1.0.0.0",
      "parameters": {
        "$connections": {
          "defaultValue": {},
          "type": "Object"
        },
        "$authentication": {
          "defaultValue": {},
          "type": "SecureObject"
        },
        "SAP Development (sap_SAPDevelopment)": {
          "defaultValue": "{\"AppServerHost\":\"sap.clearsoftware.com\",\"Client\":\"100\",\"SystemNumber\":\"00\",\"LogonType\":\"ApplicationServer\"}",
          "type": "String",
          "metadata": {
            "schemaName": "sap_SAPDevelopment"
          }
        }
      },
      "triggers": {
        "manual": {
          "metadata": {
            "operationMetadataId": "539a3043-89f2-423e-bb8e-0dc87a73c383"
          },
          "type": "Request",
          "kind": "PowerApp",
          "inputs": {
            "schema": {
              "type": "object",
              "properties": {
                "Material_Value": {
                  "type": "string",
                  "description": "Enter initial value",
                  "x-ms-powerflows-param-ispartial": false
                }
              },
              "required": [
                "Material_Value"
              ]
            }
          }
        }
      },
      "actions": {
        "Response": {
          "runAfter": {
            "Parse_Header": [
              "Succeeded"
            ]
          },
          "metadata": {
            "operationMetadataId": "3acb6b71-7516-4f46-82a7-fe87c0f4120b"
          },
          "type": "Response",
          "kind": "Http",
          "inputs": {
            "statusCode": 200,
            "body": {
              "Material": "@body('Parse_Header')[0]?['Material']",
              "Header": "@body('Parse_Header')[0]",
              "Messages": []
            },
            "schema": {
              "type": "object",
              "properties": {
                "Material": {
                  "type": "string"
                },
                "Header": {
                  "type": "object",
                  "properties": {
                    "Material": {
                      "type": "string"
                    },
                    "Description": {
                      "type": "string"
                    },
                    "Unit": {
                      "type": "string"
                    },
                    "Type": {
                      "type": "string"
                    }
                  }
                }
              }
            }
          }
        },
        "Material": {
          "runAfter": {},
          "metadata": {
            "operationMetadataId": "4b0212c7-3ffa-4661-9cb5-e4e8ac8d68e7"
          },
          "type": "InitializeVariable",
          "inputs": {
            "variables": [
              {
                "name": "Material",
                "type": "string",
                "value": "@{triggerBody()['Material_Value']}"
              }
            ]
          }
        },
        "Header": {
          "runAfter": {
            "Material": [
              "Succeeded"
            ]
          },
          "metadata": {
            "operationMetadataId": "354eac8e-1dc3-4841-a0dd-b6dc932401e4"
          },
          "type": "OpenApiConnection",
          "inputs": {
            "host": {
              "connectionName": "shared_saperppreview",
              "operationId": "ReadTableVersion3",
              "apiId": "/providers/Microsoft.PowerApps/apis/shared_saperppreview"
            },
            "parameters": {
              "x-ms-sap-system": "@parameters('SAP Development (sap_SAPDevelopment)')",
              "inputParameters/tableName": "ENT1027",
              "inputParameters/FieldNames": [
                "MATNR:Material Number",
                "MAKTX:Material Description",
                "MEINS:Base Unit of Measure",
                "MTART:Material Type"
              ],
              "inputParameters/RowCount": 1,
              "inputParameters/WhereFilters": [
                "MATNR = '@{variables('Material')}' AND SPRAS = 'EN'"
              ]
            },
            "authentication": {
              "type": "Raw",
              "value": "@json(decodeBase64(triggerOutputs().headers['X-MS-APIM-Tokens']))['$ConnectionKey']"
            }
          }
        },
        "Parse_Header": {
          "runAfter": {
            "Header": [
              "Succeeded"
            ]
          },
          "metadata": {
            "operationMetadataId": "6003c2e5-4622-4651-a22c-4f9c695bbac0"
          },
          "type": "Select",
          "inputs": {
            "from": "@outputs('Header')?['body/Rows']",
            "select": {
              "Material": "@if(isInt(item()?['MATNR']), string(int(item()?['MATNR'])), item()?['MATNR'])",
              "Description": "@item()?['MAKTX']",
              "Unit": "@item()?['MEINS']",
              "Type": "@item()?['MTART']"
            }
          }
        }
      }
    }
  },
  "schemaVersion": "1.0.0.0"
}