{
  "properties": {
    "connectionReferences": {
      "shared_saperp": {
        "runtimeSource": "invoker",
        "connection": {
          "connectionReferenceLogicalName": "gilman_sharedsaperp_74c03"
        },
        "api": {
          "name": "shared_saperp"
        }
      },
      "shared_saperppreview": {
        "runtimeSource": "invoker",
        "connection": {
          "connectionReferenceLogicalName": "sap_sharedsaperppreview_a2c25"
        },
        "api": {
          "name": "shared_saperppreview"
        }
      }
    },
    "definition": {
      "$schema": "https://schema.management.azure.com/providers/Microsoft.Logic/schemas/2016-06-01/workflowdefinition.json#",
      "contentVersion": "1.0.0.0",
      "parameters": {
        "$connections": {
          "defaultValue": {},
          "type": "Object"
        },
        "$authentication": {
          "defaultValue": {},
          "type": "SecureObject"
        },
        "SAP Development (sap_SAPDevelopment)": {
          "defaultValue": "{\"AppServerHost\":\"sap.clearsoftware.com\",\"Client\":\"100\",\"SystemNumber\":\"00\",\"LogonType\":\"ApplicationServer\"}",
          "type": "String",
          "metadata": {
            "schemaName": "sap_SAPDevelopment"
          }
        }
      },
      "triggers": {
        "manual": {
          "metadata": {
            "operationMetadataId": "8fdfab41-5292-4c0c-be66-9ddf079af354"
          },
          "type": "Request",
          "kind": "PowerApp",
          "inputs": {
            "schema": {
              "type": "object",
              "properties": {
                "ParseJSON_Content": {
                  "type": "any",
                  "x-ms-powerflows-param-ispartial": false
                }
              },
              "required": [
                "ParseJSON_Content"
              ]
            }
          }
        }
      },
      "actions": {
        "POITEM": {
          "runAfter": {
            "Items": [
              "Succeeded"
            ]
          },
          "metadata": {
            "operationMetadataId": "67b60224-0f7c-4338-b520-808a2181795b"
          },
          "type": "Select",
          "inputs": {
            "from": "@body('Items')",
            "select": {
              "PO_ITEM": "@formatNumber(int(item()?['Item']), 'D5')",
              "MATERIAL": "@item()?['Material']",
              "SHORT_TEXT": "@item()?['Description']",
              "QUANTITY": "@item()?['Quantity']",
              "PO_UNIT": "@item()?['Unit']",
              "PLANT": "@item()?['Plant']",
              "INFO_UPD": "X",
              "DELETE_IND": "@if(equals(item()?['CrudType'], 'D'), 'L', '')"
            }
          }
        },
        "POITEMX": {
          "runAfter": {
            "POITEM": [
              "Succeeded"
            ]
          },
          "metadata": {
            "operationMetadataId": "7fc5c57e-dd3d-4efb-980a-16a4f735bae0"
          },
          "type": "Select",
          "inputs": {
            "from": "@body('Items')",
            "select": {
              "PO_ITEM": "@formatNumber(int(item()?['Item']), 'D5')",
              "MATERIAL": "X",
              "SHORT_TEXT": "X",
              "QUANTITY": "X",
              "PO_UNIT": "X",
              "PLANT": "X",
              "INFO_UPD": "X",
              "DELETE_IND": "@if(equals(item()?['CrudType'], 'D'), 'X', '')"
            }
          }
        },
        "POCONDX": {
          "runAfter": {
            "POCOND": [
              "Succeeded"
            ]
          },
          "metadata": {
            "operationMetadataId": "fdc39c15-2648-4240-842c-480fd2b1b868"
          },
          "type": "Select",
          "inputs": {
            "from": "@body('Items')",
            "select": {
              "ITM_NUMBER": "@formatNumber(int(item()?['Item']), 'D6')",
              "COND_TYPE": "X",
              "COND_VALUE": "X",
              "CHANGE_ID": "X"
            }
          }
        },
        "Filter_Messages_for_Errors": {
          "runAfter": {
            "BAPI_PO_CHANGE": [
              "Succeeded"
            ]
          },
          "metadata": {
            "operationMetadataId": "314738ec-9d05-4ae3-b089-64259885fb43"
          },
          "type": "Query",
          "inputs": {
            "from": "@outputs('BAPI_PO_CHANGE')?['body/RETURN']",
            "where": "@equals(item()?['TYPE'], 'E')"
          }
        },
        "Success_Check": {
          "actions": {
            "Success_Response": {
              "runAfter": {},
              "metadata": {
                "operationMetadataId": "88ce5aac-9ebe-41ab-87a6-dea14c80f06e"
              },
              "type": "Response",
              "kind": "Http",
              "inputs": {
                "statusCode": 200,
                "body": {
                  "Status": "Success",
                  "Order": "@variables('Header')?['Order']",
                  "Messages": [
                    {
                      "Message": "Purchase order @{variables('Header')?['Order']} was successfully updated."
                    }
                  ]
                },
                "schema": {
                  "type": "object",
                  "properties": {
                    "Status": {
                      "type": "string"
                    },
                    "Order": {
                      "type": "integer"
                    },
                    "Messages": {
                      "type": "array",
                      "items": {
                        "type": "object",
                        "properties": {
                          "Message": {
                            "type": "string"
                          }
                        },
                        "required": [
                          "Message"
                        ]
                      }
                    }
                  }
                }
              }
            }
          },
          "runAfter": {
            "Filter_Messages_for_Errors": [
              "Succeeded"
            ]
          },
          "else": {
            "actions": {
              "Clean_Up_Error_Messages": {
                "runAfter": {},
                "metadata": {
                  "operationMetadataId": "3ac4404f-21c4-4bae-bac7-2525e23d910f"
                },
                "type": "Select",
                "inputs": {
                  "from": "@body('Filter_Messages_for_Errors')",
                  "select": {
                    "Message": "@item()?['MESSAGE']"
                  }
                }
              },
              "Failure_Response": {
                "runAfter": {
                  "Clean_Up_Error_Messages": [
                    "Succeeded"
                  ]
                },
                "metadata": {
                  "operationMetadataId": "0364356b-c5f6-40d1-89d8-d1e42b0df753"
                },
                "type": "Response",
                "kind": "Http",
                "inputs": {
                  "statusCode": 200,
                  "body": {
                    "Status": "Failure",
                    "Order": "@variables('Header')?['Order']",
                    "Messages": "@body('Clean_Up_Error_Messages')"
                  },
                  "schema": {
                    "type": "object",
                    "properties": {
                      "Status": {
                        "type": "string"
                      },
                      "Order": {
                        "type": "integer"
                      },
                      "Messages": {
                        "type": "array",
                        "items": {
                          "type": "object",
                          "properties": {
                            "Message": {
                              "type": "string"
                            }
                          },
                          "required": [
                            "Message"
                          ]
                        }
                      }
                    }
                  }
                }
              }
            }
          },
          "expression": {
            "equals": [
              "@length(outputs('Filter_Messages_for_Errors')?['body'])",
              0
            ]
          },
          "metadata": {
            "operationMetadataId": "e9efd70f-e739-4ab6-ad9b-90b1e544b087"
          },
          "type": "If"
        },
        "Parse_JSON": {
          "runAfter": {},
          "metadata": {
            "operationMetadataId": "12f0f586-4295-4bdd-8329-522cf48feb2c"
          },
          "type": "ParseJson",
          "inputs": {
            "content": "@triggerBody()['ParseJSON_Content']",
            "schema": {
              "type": "object",
              "properties": {
                "Header": {
                  "type": "array",
                  "items": {
                    "type": "object",
                    "properties": {
                      "Order": {
                        "type": "string"
                      },
                      "HeaderText": {
                        "type": "string"
                      }
                    },
                    "required": [
                      "Order",
                      "HeaderText"
                    ]
                  }
                },
                "Items": {
                  "type": "array",
                  "items": {
                    "type": "object",
                    "properties": {
                      "Plant": {
                        "type": "string"
                      },
                      "Material": {
                        "type": "string"
                      },
                      "Description": {
                        "type": "string"
                      },
                      "Quantity": {
                        "type": "string"
                      },
                      "Item": {
                        "type": "integer"
                      },
                      "UnitPrice": {
                        "type": "string"
                      },
                      "Unit": {
                        "type": "string"
                      },
                      "CrudType": {
                        "type": "string"
                      }
                    },
                    "required": [
                      "Plant",
                      "Material",
                      "Description",
                      "Quantity",
                      "Item",
                      "UnitPrice",
                      "Unit",
                      "CrudType"
                    ]
                  }
                }
              }
            }
          }
        },
        "Header": {
          "runAfter": {
            "Parse_JSON": [
              "Succeeded"
            ]
          },
          "metadata": {
            "operationMetadataId": "9ff541ac-a4ab-42ac-9bf7-e16613baffb2"
          },
          "type": "InitializeVariable",
          "inputs": {
            "variables": [
              {
                "name": "Header",
                "type": "object",
                "value": "@body('Parse_JSON')?['Header'][0]"
              }
            ]
          }
        },
        "All_Items": {
          "runAfter": {
            "Header_Text": [
              "Succeeded"
            ]
          },
          "metadata": {
            "operationMetadataId": "ef67d094-fd3b-4c59-9ad2-25d35c9342f7"
          },
          "type": "InitializeVariable",
          "inputs": {
            "variables": [
              {
                "name": "All_Items",
                "type": "array",
                "value": "@body('Parse_JSON')?['Items']"
              }
            ]
          }
        },
        "Header_Text": {
          "runAfter": {
            "Header": [
              "Succeeded"
            ]
          },
          "metadata": {
            "operationMetadataId": "692fc92a-2f40-4a55-8fa2-e831715eaaaa"
          },
          "type": "InitializeVariable",
          "inputs": {
            "variables": [
              {
                "name": "HeaderText",
                "type": "array",
                "value": "@chunk(variables('Header')?['HeaderText'], 132)"
              }
            ]
          }
        },
        "POTEXTHEADER": {
          "runAfter": {
            "POCONDX": [
              "Succeeded"
            ]
          },
          "metadata": {
            "operationMetadataId": "71ea1095-0422-42a2-87f5-023c73fc119e"
          },
          "type": "Select",
          "inputs": {
            "from": "@variables('HeaderText')",
            "select": {
              "TEXT_ID": "F02",
              "TEXT_FORM": "*",
              "TEXT_LINE": "@item()"
            }
          }
        },
        "BAPI_PO_CHANGE2": {
          "runAfter": {
            "POTEXTHEADER": [
              "Succeeded"
            ]
          },
          "metadata": {
            "operationMetadataId": "f399e423-f171-4ae1-a038-d653fc849b1f"
          },
          "type": "OpenApiConnection",
          "inputs": {
            "host": {
              "connectionName": "shared_saperp",
              "operationId": "Invoke",
              "apiId": "/providers/Microsoft.PowerApps/apis/shared_saperp"
            },
            "parameters": {
              "AppServerHost": "sap.clearsoftware.com",
              "Client": 100,
              "SystemNumber": "00",
              "function": "BAPI_PO_CHANGE",
              "isSessionStateful": "Yes",
              "UseSnc": false,
              "SncLibraryPath": "Optional",
              "SncSso": "Off",
              "SncMyName": "Optional",
              "SncPartnerName": "Optional",
              "SncQop": "Default",
              "functionInput": {
                "PURCHASEORDER": "@formatNumber(int(variables('Header')?['Order']), 'D10')",
                "POITEM": "@body('POITEM')",
                "POITEMX": "@body('POITEMX')",
                "POSCHEDULE": "@body('POSCHEDULE')",
                "POSCHEDULEX": "@body('POSCHEDULEX')",
                "POCOND": "@body('POCOND')",
                "POCONDX": "@body('POCONDX')",
                "POTEXTHEADER": "@body('POTEXTHEADER')"
              }
            },
            "authentication": {
              "type": "Raw",
              "value": "@json(decodeBase64(triggerOutputs().headers['X-MS-APIM-Tokens']))['$ConnectionKey']"
            }
          }
        },
        "POCOND": {
          "runAfter": {
            "POSCHEDULEX": [
              "Succeeded"
            ]
          },
          "metadata": {
            "operationMetadataId": "08468f56-72eb-4840-802f-dd43d389f78b"
          },
          "type": "Select",
          "inputs": {
            "from": "@body('Items')",
            "select": {
              "ITM_NUMBER": "@formatNumber(int(item()?['Item']), 'D6')",
              "COND_TYPE": "PBXX",
              "COND_VALUE": "@div(float(item()?['UnitPrice']), 10)",
              "CHANGE_ID": "U"
            }
          }
        },
        "Items": {
          "runAfter": {
            "All_Items": [
              "Succeeded"
            ]
          },
          "metadata": {
            "operationMetadataId": "14b4abac-495b-4e65-bb8d-46404366866e"
          },
          "type": "Query",
          "inputs": {
            "from": "@variables('All_Items')",
            "where": "@not(equals(item()?['CrudType'], 'R'))"
          }
        },
        "POSCHEDULE": {
          "runAfter": {
            "POITEMX": [
              "Succeeded"
            ]
          },
          "metadata": {
            "operationMetadataId": "67b60224-0f7c-4338-b520-808a2181795b"
          },
          "type": "Select",
          "inputs": {
            "from": "@body('Items')",
            "select": {
              "PO_ITEM": "@formatNumber(int(item()?['Item']), 'D5')",
              "SCHED_LINE": "0001",
              "QUANTITY": "@item()?['Quantity']"
            }
          }
        },
        "POSCHEDULEX": {
          "runAfter": {
            "POSCHEDULE": [
              "Succeeded"
            ]
          },
          "metadata": {
            "operationMetadataId": "67b60224-0f7c-4338-b520-808a2181795b"
          },
          "type": "Select",
          "inputs": {
            "from": "@body('Items')",
            "select": {
              "PO_ITEM": "@formatNumber(int(item()?['Item']), 'D5')",
              "SCHED_LINE": "0001",
              "QUANTITY": "X",
              "PO_ITEMX": "X",
              "SCHED_LINEX": "X"
            }
          }
        },
        "BAPI_PO_CHANGE": {
          "runAfter": {
            "BAPI_PO_CHANGE2": [
              "Succeeded"
            ]
          },
          "metadata": {
            "operationMetadataId": "585ec71f-f0da-41ae-8765-e92c060966cc"
          },
          "type": "OpenApiConnection",
          "inputs": {
            "host": {
              "connectionName": "shared_saperppreview",
              "operationId": "CallRfcJson",
              "apiId": "/providers/Microsoft.PowerApps/apis/shared_saperppreview"
            },
            "parameters": {
              "x-ms-sap-system": "@parameters('SAP Development (sap_SAPDevelopment)')",
              "rfcName": "BAPI_PO_CHANGE:Change Purchase Order:2012",
              "rfcGroupFilter": "*",
              "autoCommit": true,
              "rfcInputs": {
                "PURCHASEORDER": "@formatNumber(int(variables('Header')?['Order']), 'D10')",
                "POITEM": "@body('POITEM')",
                "POITEMX": "@body('POITEMX')",
                "POSCHEDULE": "@body('POSCHEDULE')",
                "POSCHEDULEX": "@body('POSCHEDULEX')",
                "POCOND": "@body('POCOND')",
                "POCONDX": "@body('POCONDX')",
                "POTEXTHEADER": "@body('POTEXTHEADER')"
              }
            },
            "authentication": {
              "value": "@json(decodeBase64(triggerOutputs().headers['X-MS-APIM-Tokens']))['$ConnectionKey']",
              "type": "Raw"
            }
          }
        }
      }
    }
  },
  "schemaVersion": "1.0.0.0"
}