<environmentvariabledefinition schemaname="mpa_SAPClientID">
  <defaultvalue>800</defaultvalue>
  <description default="The SAP client ID to connect to the SAP system. The SAP backends' client (or 'Mandant') into which to log in. It's a number ranging from 000 to 999. Used separately in IDoc transactions.">
    <label description="The SAP client ID to connect to the SAP system. The SAP backends' client (or 'Mandant') into which to log in. It's a number ranging from 000 to 999. Used separately in IDoc transactions." languagecode="1033" />
  </description>
  <displayname default="SAP Client ID">
    <label description="SAP Client ID" languagecode="1033" />
  </displayname>
  <introducedversion>0.90.0.12</introducedversion>
  <iscustomizable>1</iscustomizable>
  <isrequired>0</isrequired>
  <secretstore>0</secretstore>
  <type>100000000</type>
</environmentvariabledefinition>