<environmentvariabledefinition schemaname="sap_SAPSSOwithLoadBalancing">
  <defaultvalue>{"Client": "102",   "LogonGroup": "FICO",   "LogonType": "Group",   "MessageServerHost": "aSapServer",   "MessageServerService": "3601",   "SncLibraryPath": "c:\\sapcryptolib\\sapcrypto.dll",   "SncPartnerName": "p:CN=DV1",   "SncQOP": "Default",   "SncSso": "On",   "SystemID": "DV1",   "UseSnc": "true" }</defaultvalue>
  <displayname default="SAP SSO with Load Balancing">
    <label description="SAP SSO with Load Balancing" languagecode="1033" />
  </displayname>
  <introducedversion>0.87</introducedversion>
  <iscustomizable>1</iscustomizable>
  <isrequired>0</isrequired>
  <secretstore>0</secretstore>
  <type>100000000</type>
</environmentvariabledefinition>