<environmentvariabledefinition schemaname="mpa_SAPPurchaseOrderAppURL">
  <defaultvalue>https://apps.powerapps.com/play/e/1c2f8332-3b35-e047-ad71-3b5ab683fb06/a/ec83b137-b1a4-4e0a-a5d0-4b7a4d72db3a?tenantId=cdaedf03-562c-42d8-b7a0-df1ab9b5cf31&amp;hint=604d1924-949c-4b1c-8134-1090ca032677&amp;sourcetime=1765846719823</defaultvalue>
  <displayname default="SAP Purchase Order App URL">
    <label description="SAP Purchase Order App URL" languagecode="1033" />
  </displayname>
  <introducedversion>1.0.0.0</introducedversion>
  <iscustomizable>1</iscustomizable>
  <isrequired>0</isrequired>
  <secretstore>0</secretstore>
  <type>100000000</type>
</environmentvariabledefinition>