{"__Version":"0.1","App":"43446ff0-f6a2-4212-9127-51cbe0a1ddac","Test_7F478737223C4B69":"13e0d366-f2cc-454c-a1a0-6fc0794d836c","Host":"9bf6b5dd-6070-49ac-b71c-5e736882d878","compStepperHorizontal":"f130b208-97b1-4fc5-9cc2-6e2ef6dc9103","galStepperH":"01d52d0f-7f66-49f6-a2ca-ed02edca0aa5","galleryTemplate2":"a7003528-039a-4e65-aed4-73934d7beb61","imgStepperDot_H":"6c320918-f06a-4fc5-a3cd-5c0c73b4965e","imgStepperLine_H":"21102b5b-ec58-4f88-9495-40fec29caf30","txtStepperLabel_H":"35396ff5-f750-43d5-9421-b6b635a1a0b7","compLeftNavigation":"284c6c65-a837-4e7d-970b-a796c69d66f4","btnToggleLeftNav":"1d2401a3-8616-4679-a808-492e92f6dd8a","icnLeftNav_collapse":"ce497f53-a98c-496a-abbc-e29db483e6b3","galLeftNavMainMenuItems":"bbce6719-7c7a-4489-accf-69c7c485426c","galleryTemplate2_4":"9f2b4df2-8b63-41c7-ab59-28fb52d14575","galLeftNavSubMenu":"8f147d04-fec9-46b5-b067-34f2728de3b3","galleryTemplate2_5":"935b24cf-8f9f-4487-8acc-c794e90a4324","shpLeftNavSelected":"7aa65e1b-8766-4868-af2a-d598a0ba08fa","btnClickZone":"5ab072c3-f779-43cf-a085-fd59d5903a5f","txtMenuItem":"1fae4abb-a915-40a9-ac88-8584bc3f7df2","imgLeftNavMenuItem":"ee36899e-b6e8-499e-bce8-eae6551c2bdb","txtMenuGroup":"ee23dbc3-86d3-402a-874f-7e22054d92c9","compHeaderCompound":"cc0e8edd-5543-49e3-a1ed-42d7833c9c48","Rectangle1_1":"be61066c-9de9-42df-87d6-8881755dfdf5","btnBack_1":"d33e1753-1dfe-4c35-a04a-ebd2f4a3d0e9","comp_Header_1":"d105bd74-16fd-45db-a51e-d2c92269852a","compVendorSearch":"2e9004b9-9712-458a-bfb1-718874931854","conPage_Vendor":"a7376e50-4cda-4ca3-a5e1-171de63dda8c","conMain_Vendor":"a547a72a-bfd4-4174-9624-cae000c8e1d1","conSearchHeader_5":"72982644-fdfb-4c79-add2-ac2a7a1742db","txt_H1_VendorSearch_5":"95428157-797f-4108-b00f-0125ed8adc87","tabSearchTabs_5":"1d4cdfec-234f-4599-8dd4-f490fcdcf714","conVendorSearchAll_4":"a354d0c9-fa72-421f-9f52-d33761508336","conSearchBody_6":"532566de-e246-4ed5-8e68-437ae67f5734","conSearchFormTab_6":"82e2d19f-2748-4cf8-abdc-3a6ad1074623","conSearchFormBody_5":"44f2d7e1-f179-4d49-b0fa-6ae627368327","conVendorFields_4":"6ba85fc3-028c-4695-8a44-34bb47a2b1fd","lblVendorName_3":"0da6558f-eb2e-4d5d-a739-b8b7d5ca7e69","txtVendorSearchName_3":"db85a1a6-5246-427f-83c4-ce71f5b419b3","conAddressFields_3":"566fc420-2667-439f-a879-baba0ecfc418","conStreet_3":"9cf9cb57-2557-4a97-acec-5d555a3a3242","lblStreet_3":"5ea4e08b-689d-4444-9c07-aa6ed5cd0a2b","txtVendorSearchStreet_3":"07f9fe1f-ecfb-4d83-9114-83ad87e33811","conCity_3":"e4ba009b-264f-4e5d-9fc5-e22caadf854f","lblCity_3":"a7851f87-2e13-4599-b872-2232bb9dee3c","txtVendorSearchCity_3":"42ff7ab5-c061-41f0-9df6-4ec99ed5a49e","conCountry_3":"c54e9b33-b5a6-42a7-8fcd-969b4bb1d50a","lblCountry_3":"c2bbfebb-614f-4983-8623-0e0912b3464b","txtCountry_3":"4d52e5d8-d8db-4a47-811e-794e45391d3e","cmbVendorSearchCountry_3":"77ba411c-d1e7-4d8f-86ae-166abc461dd0","Display Value1_3":"f755e487-a1bc-4344-a0d4-19a55abc5cfd","Description1_3":"485571cc-a63a-4f96-8bc7-405a9a58e446","Domain1_3":"c65ee8be-a4b0-4b60-94ae-179b36c3a63a","Language1_3":"568c9d61-e477-4a45-837a-9d43c555b784","Value Code1_3":"e81642f8-0eb6-483a-b18f-0aa5627590b5","conState_3":"0c308bc1-bd46-4583-b1fa-63168c10b822","lblState_3":"77ce0e4e-bb14-464e-9a48-ca2dc21501d1","txtState_3":"fd6ede5c-3718-464c-a1e2-8bbb1e4f7870","cmbVendorSearchState_3":"0a5ea3f4-0189-49a9-b842-53513a039486","mpa_value1":"d121f30f-d389-46b4-a70f-293edf481789","mpa_valuecode1":"8813f239-b2fd-445b-a61e-bdfcb17db89b","conZip_3":"ca0967fc-b295-4bd9-a348-655d0f9b861e","txtZipCode_3":"141cc946-bcd1-4339-ae4d-c5a1b44a23d4","txtVendorSearchPostalCode_3":"6a74c77c-a923-455c-843d-8e87a16d2692","conSearchButtons_3":"2afe856e-8736-40f3-82f5-f6df22fea4cf","btnClearSearch_5":"651a2c7d-3554-49bf-bc1c-8a8662f06c20","btnSearchVendorAll_5":"ec5880cd-a2ab-41bd-a513-9f87d3dcdff5","conSearchResults_6":"da31f16b-8f2e-4b10-acbd-22fa5ddf3a7c","conVendorSearchResults_2":"a891c41e-e383-4a11-8f36-5bff1dd41826","conVendorSearchAllCommandBar_2":"82a9f17f-f41d-45ae-9e24-46aa9af02938","lblVendorSearchAllCommandBar_3":"ca044d94-f338-4fc3-9f92-26e4d60c2fdb","txtVendorSearchResultsFilter_3":"9a1a41ec-ace1-494b-bacb-edc763500f5c","shpVendorSearchAllDivider_2":"9d94eb79-897c-4ea5-8940-3e88c94fceb6","tblVendorSearchResults":"f3c92485-fd19-4467-b824-be257b0a9030","Vendor1":"89ab5112-3d05-4af1-bb88-1c78d1aa7807","VendorName1":"c1527331-8676-4598-a200-cb728e9ab2b8","Street1":"4d6884b1-8e34-46cc-8c5e-75ba2d5fa3a5","City1":"b9e89127-0592-4a24-991f-fe6823e48b05","Region1":"4fe4aea3-7cec-4301-a101-2347ff4c9520","Country2":"10e480e2-b42d-445b-b675-3189ad637ea3","PostalCode2":"30639686-4577-440c-bd25-f248921b04fd","conVendorRecentlySearched_2":"8dd0ce9b-b215-4240-8fa2-57addd4a0237","conVendorRecentlySearchedResults_3":"3842abc1-c318-4a02-8a0d-663d0e4b40c6","conVendorRecentlySearchedCommandBar_3":"489d34aa-dce3-47f0-a2a0-463d7e1a4683","lblVendorRecentlySearchedCommandBar_4":"9e132b63-adac-48fc-a64d-391ff5bcff8e","conVendorRecentlySearchedCommandBarFilter_4":"9c559b49-d5cd-44ce-9cde-e2597b9eba3f","txtVendorRecentlySearchedResultsFilter_4":"4645a16b-9212-43b5-9986-c18b73b758c7","shpVendorRecentlySearchedDivider_3":"6c17b7aa-c0a1-4987-a87a-687ca76f953a","tblRecentSearchVendors":"6d261e0c-a55f-427e-b38b-37eb37986c62","mpa_objectid1":"4b5fb428-4d24-44bc-844b-2c408fc787b0","mpa_name1":"df7442c0-9eeb-49c4-86d2-5a1ce7ebd16c","mpa_lastsearchedon1":"bc5e8aba-a301-4d4c-845f-d25ba4e5dc34","compVendorInvoiceSearch":"ab4c6b03-0db1-4d0c-bb3a-f4fe16858e1d","conVendorInvoiceSearchPage":"56ba6f1c-a49a-4460-89dc-76cc9da77158","conVendorInvoiceSearchMain":"7711c2ac-c749-496a-b1e3-26ee769413ca","conVendorInvoiceSearchHeader":"a1156b49-ac4c-4c45-a933-da6ec12d79d7","txt_H1_VendorSearch_6":"38d7b718-4e94-4fec-8274-ae2ff302ceee","tabSearchTabs_VendorInvoice":"a370584c-11ff-4c1d-b2d9-fc9c5037791f","conVendorInvoiceSearchAll":"9b07e07a-ad02-424e-9935-c14df4483f88","conVendorInvoiceSearchBody":"74ea9c3c-00e7-49c4-8be6-5537055a745f","conVendorInvoiceSearchFormTab":"2d232c5b-d98e-433e-ae90-009cf3d7c848","conVendorInvoiceSearchFormBody":"857b5d80-26b1-44af-9373-b5bf3033132c","conVendorInvoiceSearchFields":"2bde2750-7e91-4cdc-b290-c2778f4d2767","lblVendorInvoiceSearchAllVendor":"8a692de6-327e-4395-8932-20813ebb634a","conSearchVendor_Vendor":"ce7ee1d8-4526-458f-b8bc-e401439c6947","txtVendorInvoiceSearchAllVendor":"fe2b5bfd-2c25-42d0-9945-97be48c19b02","btnSearch_Vendor":"bea2a51c-6dd0-458f-a96f-2640aa7b3cdf","btnAdvancedSearch_Vendor":"a9cdea62-c063-4971-a230-e6bd3f7423a0","conVendorInvoiceSearchAllDocumentType":"56671d88-028f-449b-8b54-5ddbcd852016","lblVendorInvoiceSearchAllDocumentType":"03db4b5b-7ad2-437f-bcb0-d11d6401f14f","cmbVendorInvoiceSearchAllDocumentType":"a1fa1e9d-61db-42a0-a63e-4f13770e895b","Value Code4_1":"9f63fe1e-60d1-4db3-9d5e-44edae76f0b9","Display Value3_1":"76cd45d2-c59f-4c14-a0d6-4f8a13c19427","_DropdownValue1":"e37186cb-43cd-4259-9b84-c593e2f717cd","conVendorInvoiceSearchAllCompanyCode":"b06ae0a5-7f61-4cb5-b932-69b33ed70327","lblVendorInvoiceSearchAllCompanyCode":"9fd37175-aa8a-4982-9e15-2732f693b9a7","cmbVendorInvoiceSearchAllCompanyCode":"d3894dc8-bd1f-4dda-a80f-ee98d81023eb","Display Value7_1":"32bbea6e-0812-4e3a-a72d-b0095904b155","Value Code12_1":"8caa002e-9780-4bf6-bd49-0248a7381829","conVendorInvoiceSearchAllDateFrom":"2496d6c3-6fd1-4ee9-a40d-7d71f07fdc13","lblVendorInvoiceSearchAllDateFrom":"425cd41a-2ad0-4bbc-8c1b-52e050e046ef","dteVendorInvoiceSearchAllDateFrom":"889c7b5c-0ed3-4d43-bfbd-251e023e5cf0","conVendorInvoiceSearchAllDateTo":"9a424b4a-b2d5-4c08-b7a7-b1aba329bb5b","lblVendorInvoiceSearchAllDateTo":"e681e138-ebe0-48b7-a5b9-1c2e303a0f35","dteVendorInvoiceSearchAllDateTo":"af031359-9fae-44e3-a68e-7f335b0fb8b7","conSearchButtons_4":"d64550a3-4086-4686-b623-276e0ec9da46","btnClearSearch_6":"40d963fa-2d3b-490f-b393-531c74905206","btnSearchVendorAll_6":"9c60ca93-58ca-4b2f-b63a-91e6425d9934","conVendorSearchResults_3":"e012e6dd-966f-4da7-b8bd-d06b4b897a51","conVendorSearchAllCommandBar_3":"930a42d4-d7c0-4488-9942-a954b38e163c","lblVendorSearchAllCommandBar_4":"49251177-ed98-4286-b912-e6c7c38ae713","txtVendorInvoiceSearchAllResultsCommandBarFilter":"929825d1-b944-4305-b180-e7044cab8d90","shpVendorSearchAllDivider_3":"f11404d3-9d71-4ba4-9c61-6693709d2af0","tblVendorInvoiceSearchResults":"62e5bd40-e06b-41bd-8f32-9221219fe215","InvoiceNumber1":"29c75b9f-b55a-4471-b363-5c65bc7b08ee","Vendor3":"a47e14d2-f14b-4e74-9eed-4a402fd32066","Type2":"5213b99f-8b79-4437-947a-e2dca1fcc07b","CompanyCode2":"ec82334d-74a9-4f84-89c5-ef8e63572513","_AmountwUnit1":"531dc988-638d-4f5d-bc76-8d52a3e4706a","_VendorName2":"79f5fd10-a0e7-4b88-8568-527c7bb43172","_FormattedDate2":"bc547c59-1d46-4d5e-a66e-d6439e3784b7","conVendorInvoiceRecentlySearched":"44cbbb8d-8d53-4e50-9bfd-44a8dd701552","conVendorInvoiceRecentlySearchedResults":"56330f00-8b16-4bcc-896d-4271477f8220","conVendorInvoiceRecentlySearchedCommandBa":"d14f3cdf-2412-4d01-95dd-5a330b5ab137","lblVendorRecentlySearchedCommandBar_5":"e20d1d41-2de1-4539-9aa2-9741fca01c9e","conVendorRecentlySearchedCommandBarFilter_5":"15ec681f-849b-49f5-8110-c28a2ff8815e","txtVendorInvoiceRecentlySearchedCommandBarFilter":"9d45da5c-2211-49e9-896b-27c7dd7be804","shpVendorRecentlySearchedDivider_4":"57056070-475d-4258-9f97-2c842b5f21b4","tblRecentSearchInvoiceVendors":"798b6ec1-acaa-4804-be8b-fe0d7028e5b4","Invoice":"1ea58a7e-f202-4c41-a49a-2350d237b2f4","Last Searched":"ff200476-d956-45a5-a082-aa4225e7ba77","compPurchaseOrderSearch":"3f36b017-e4ff-4ae7-b258-7a14d3fbe2ee","conPage_PO":"f1d24a6d-290d-4df8-9f23-c972cb0672e9","conMain_PO":"28f8c3e5-cb5a-4098-8a8f-155202647114","conSearchHeader_PO":"840af30f-99e2-479d-8b2a-00ddf56198ac","txt_H1_PurchaseOrder":"d937d88a-dd27-411f-8fed-3489006e12ee","tabSearchTabs_PO":"ea7d08e1-5889-4249-9adc-89d8284c5bdc","conSearchAll_PO":"90092b93-6807-4db1-a322-d42abebaec97","conSearchBody_PO":"6ea820c3-870c-45c2-a66d-a8c1fd5afa07","conSearchFormTab_PO":"17588c7d-908d-4711-a126-5250ad9a4a23","conSearchFormBody_PO":"38f5a1ac-68a8-4d7e-b797-49accb294f32","conPurchaseOrderFields":"e7d5aeaf-d04a-4769-ba89-c3e9818aedd7","conOrderNumber":"3ee10675-54c9-42fe-8986-85e454a4cf1b","lblOrderNumber":"ac22ffb2-153a-47ed-8c2e-09fcb4c4d3a9","txtOrderNumber":"783d86ce-a97b-4e36-8d29-bf1071121efc","conCreatedFrom":"3fc870f7-d34f-4986-8d74-b8dcd6fe8b85","lblCreatedFrom":"50181651-9b4f-48ee-964b-99efa9c0c360","dteCreatedFrom":"ef81be22-23af-4f1d-a60a-ac600339c482","conCreatedTo":"75af88ac-68a8-455a-883d-d95b7d6d6497","lblCreatedTo":"0f8cbb8a-8da8-4a52-bba7-5554b86da2ab","dteCreatedTo":"6acd0020-99fb-4f78-8926-2afc0bd41bae","conVendorFields_PO":"6d7a2061-3332-4a4e-b659-c8aed6c0ed74","lblVendorName_PO":"03de21eb-18c9-4683-addf-7d8b7ff19f3c","conSearchVendor_PO":"95acee8a-e12a-4970-a669-283d53efbaa3","txtVendorSearchName_PO":"80f9964a-9ec4-45e8-8462-fad108312c20","btnSearchVendorNumber":"405c9aba-5f1d-4625-be74-90ac7ea9cd90","btnAdvancedSearchVendor":"ade54f85-ce39-4cd7-a6fd-34c6d728aca4","conSearchButtons_Material_1":"df1a8f21-cf23-4cc3-80d0-371e732cf44c","btnClearSearch_Material_1":"81626e15-92e6-459e-b6b8-e3c94f015f2b","btnSearchAll_Material_1":"debe5b39-26c9-4337-8564-873443329728","conMaterialSearchResults_1":"516cb80d-c283-4faf-b589-ae9fed3a5ca5","conMaterialSearchResult_1":"3056112b-2fc6-4827-8387-0a985098ee77","conPurchaseOrderSearchCommandBar":"16bfbedf-d1cf-4ea3-9545-afcc33e91fab","lblMaterialSearchCommandBar_1":"4ab0a7f3-54bf-4480-9d4d-73473674b311","txtMaterialResultsFilter_1":"ed7f8978-c705-4f99-9802-be408a73f567","shpPurchaseOrderDivider":"a3a007e9-1078-4fb8-b709-ad57384d3d33","tblPurchaseOrderSearchResults":"d9f7e35a-98b9-42c4-8cf4-89ea516be3bd","OrderNumber1":"5d728f62-47d2-4072-a544-b904e38d06a5","Vendor2":"3e769952-e561-4b23-9cf3-8c5028216e12","_VendorName2_1":"dbaaaff6-b8ba-4a87-8bd3-de34d65f3088","CompanyCode1":"0064598a-9f6f-440f-a368-9e24cc2955dd","PurchasingOrganization1":"da5d4561-5de5-4973-9f7e-62ee290a55ee","PurchasingGroup1":"173e94ed-a91f-4a87-9687-c1a253260a27","_Amount21":"e983b8e6-7d9b-4e0f-86ef-b279de73e726","_FormattedDate1":"21fecfc7-a9b2-49ed-89d6-63c0c09c3e84","conMaterialRecentlySearchedTab_1":"97ac9442-aa9e-4367-8059-016a6fbfc59f","conMaterialRecentlySearchedResults_Material_1":"93a27d0c-8ec9-43bb-9a6f-d9cbaac663e7","conMaterialRecentlySearchedCommand_1":"4bcaf864-888c-4442-b771-ea1ec0f51871","lblMaterialRecentlySearchedCommandBar_1":"cdde4ac2-6751-4347-91cb-ef4d4f4a3b54","conMaterialRecentlySearchedCommandBarFilter_1":"7e3c2505-dfb8-4e29-903a-09c6d619622c","txtMaterialRecentlySearchedResultsFilter_1":"c02b1606-40f8-4d00-bb32-2155398f12c6","shpVendorRecentlySearchedDivider_6":"d2c2ce93-bf37-4448-b61b-da8de0f50174","tblRecentSearchPurchaseOrders":"3ab08697-b96a-4acf-8d61-6eecfe54c9cb","mpa_name2":"2dc0fac7-762d-4832-9255-45c0f52ab0b2","mpa_lastsearchedon2":"98c1d300-53fd-4064-8871-f33364f0c754","spnSearchProcessing_PO":"a5d1c6cf-cfcd-48c3-8c8b-687b370f698c","Invoice Order Screen":"67c68967-fd75-4663-b411-ce393a1e0110","imgBackgroundGradientVendor":"9ff70493-cf8d-4e45-97c6-96c82c810192","cmpHeaderCompound_Info":"f429b9c3-7941-4813-a374-42f10a58304c","cmpLeftNavigation_Info":"cc6dbdc9-eee6-475e-877b-ea1120c9dbb1","conPageContainer_Info":"ae748cfa-1c73-49d0-85b5-cf81f943e7ab","conMainContainer_Info":"7f6c7afd-3187-4d26-aa9a-2d66f4165277","conHeaderContainer_Info":"4f884476-04a8-470d-acb1-a5c6f9561733","lbl_H1_Vendor":"c5d33fe4-0f69-4cad-aa2f-d080f7b812ed","lblSubtitleVendor":"66c915b1-90ce-4821-9185-525fa1325555","compStepperHorizontal_Info":"4fcc8f5a-1ca9-4bd5-af0e-2c8438b17ca8","conVendorSection":"24f65b23-ff67-4431-bf88-d7e8814257f6","conVendorInvoiceInformationPurchaseOrderOutline":"45a01a6f-59cc-4e40-80c4-000c0dd43488","lblVendorInvoiceCreate":"6ad4b8f1-e136-4908-bf70-ef81ac1b7eb0","conVendorInvoiceInformationPurchaseOrder":"21c3462b-e2f4-44f1-be83-e56e86a96c3d","conVendorInvoiceDetailsPurchaseOrderCreate":"86ba3a6e-cd6f-408b-abd4-47f86360e4ca","lblVendorInvoiceDetailsPurchaseOrderCreate":"26ff2773-f5bf-40fc-855a-56d59bd71286","conPurchaseOrderSearch_Info":"55e50ed2-fb38-45e0-8c70-13d7d898e86e","txtPurchaseOrder_Info":"9fba28c4-b6a6-4a01-a183-0c719398ec80","btnSearchPurchaseOrder_Info":"47f0cce2-6aad-4249-a003-e31c5906975f","btnPurchaseOrderAdvancedSearch_Info":"9e2bdff1-733a-4fbf-9efa-f9c996a7365f","conAddressSection":"017aa367-9cb4-4cc6-aa72-527447566218","conAddressContent":"290dcd5d-8524-49c1-923a-caeef4560db9","conVendorInfoCreateAddressOutline":"afedc28d-0d13-4dae-86a6-246a1471ca5f","conVendorInvoiceDetailsDocumentTypeCreate":"fa8a14f4-4b0d-4c5c-ab73-c55e5b6ca9eb","lblVendorInvoiceDetailsDocumentTypeCreate":"9fb9613c-1a31-4c0c-b334-879842f01d2a","cmbVendorInvoiceDetailsDocumentTypeCreate":"b1fdf1cc-296d-4f1f-a47c-06f1e703b58d","Value Code4":"938056d0-194d-4cbe-8c63-3ba05d88caee","Display Value3":"be5d2749-56f4-417f-9a4f-0148f841ad1e","conVendorInvoiceDetailsPostingDateCreate":"d5401899-130c-4172-8861-027d469cf73d","lblVendorInvoiceDetailsPostingDateCreate":"e0139966-fac4-452a-83fd-0d1b9760d03a","dteVendorInvoiceDetailsPostingDateCreate":"ba3a5544-ef71-4e62-b99b-9a4f1663ecc9","conVendorInvoiceDetailsVendorCreate":"f95bb1f9-df0e-4755-a4d1-2bae4ed7dbb6","lblVendorInvoiceDetailsVendorCreate":"4f737c05-8c43-4670-9862-8d2bfbae6f48","txtVendorInvoiceDetailsVendorCreate":"e5dedc53-b7f5-4150-9014-51ae2f1463f0","conVendorInvoiceDetailsVendorNameCreate":"57aa59bf-97a0-45c5-971d-455cf91b2fdc","lblVendorInvoiceDetailsVendorNameCreate":"65df3047-51ba-4062-9a04-ee12fb0e22e0","txtVendorInvoiceDetailsVendorNameCreate":"f83c8591-8be2-468e-b1de-78170fbd208c","Container1":"d8cddc59-f35b-4a1d-81ef-b7387cfe2191","Rectangle2_1":"74e9048e-067f-4e36-83c6-abc570af275d","conVendorInvoiceDetailsPaymentMethodCreate":"18c82cb3-78b3-4f5f-9d0e-086c3d0951d8","lblVendorInvoiceDetailsPaymentMethodCreate":"32194e2a-b1aa-445f-a74b-6fffd419e875","cmbVendorInvoiceDetailsPaymentMethodCreate":"ef7891bb-8dd6-480b-b258-4c9783262803","Display Value4":"f4e54da0-3966-4310-b12f-2c897e2df601","Value Code8":"fb1b9643-aa8c-469a-90cf-a288c1a927a6","conVendorInvoiceDetailsCurrencyCreate":"d95f3201-e748-493b-8744-94a10358f6cd","lblVendorInvoiceDetailsCurrencyCreate":"559e1ad2-f2a6-46ba-8ba1-a6e3b8331a5c","cmbVendorInvoiceDetailsCurrencyCreate":"fb3cbb0d-e693-4332-b9ea-b8af45b62d49","Display Value6":"c8eac4cb-6cb3-4e32-b9ac-94852b13abaa","Value Code11":"9fbda16c-0dee-4f13-9ff6-bb6d0e26ecf1","conVendorInvoiceDetailsTotalCreate":"c6c3ba53-66b6-4ca1-8aba-c552e85d0674","lblVendorInvoiceDetailsTotalCreate":"db71fe32-8e18-437b-8523-b0ffb39f03b0","txtVendorInvoiceDetailsTotalCreate":"64122eca-cb1b-4f66-8fd7-a61dce5373cc","conVendorInvoiceDetailsCompanyCodeCreate":"3610290c-2d4f-4c70-ab0f-756f605d96bd","lblVendorInvoiceDetailsCompanyCodeCreate":"31ac5dbe-2474-4f24-8e70-2d83e1581295","cmbVendorInvoiceDetailsCompanyCodeCreate":"468390cd-ec1e-455d-9078-3994320aaf81","Display Value7":"58efa104-0b24-41a0-8ccf-c31ed69996cb","Value Code12":"af0bafe3-f95e-4e0d-9720-46cf10b2b3c2","conButtons_Info":"9cc947ea-48d3-4e19-9fbb-2f51ffb299b7","btnCancel":"ad7d877b-cfd8-4204-ae9f-aab63987732c","btnNext_Info":"043b9df2-dab3-4bde-b565-0142a4521e66","spnProcessing_Info":"68e7c0e9-a489-4221-9976-09d0cf2b3324","Review Screen":"a0f4e9af-7453-42b8-8498-879222766cea","imgBackgroundGradientVendor_Review":"ceb8df69-87e4-4b81-89b6-5691004ce64f","cmpHeaderCompound_Review":"7c455260-2318-44f5-a3ed-7aa1e3aef1a7","cmpLeftNavigation_Review":"9169a4d9-27b6-46e7-ac97-7e3c0ff38849","conPageContainer_Review":"c6ae5bfd-fedb-4513-a1ee-4f2d38f0a1ed","conMainContainer_Review":"b1e423a5-2d45-47fc-931e-e25a40d3ba17","conHeaderContainer_Review":"042e48f5-c296-4cf1-a7bd-6bb90221414d","lbl_H1_Vendor_Review":"af24ed13-e926-476e-9073-651404e35506","lblSubtitleVendor_Review":"7c83fae8-11ec-49a8-aaa2-5ced6286e823","cmpStepperHorizontal_Review":"578e256b-c788-4fc6-90e2-c1c807a9eced","conReviewInvoiceDetails":"1d848e1a-b800-41c4-8d49-f50fe289a4f5","conReviewInvoice_Left":"697514e0-c9f1-461d-b4ba-a01f7c3a3b27","conReviewPurchaseOrder":"64f0c71f-5639-42cd-a499-ab4590b8fee1","lblPurchaseOrder_Review":"a5430111-1280-498e-881b-a4f54bbc38f8","txtPurchaseOrder_Review":"3316bbb9-8ef6-4974-855d-1b0e67d45945","conReviewVendor":"6ec6f248-f557-4e5c-809b-c3dad6a77add","lblVendor_Review":"f70e34e9-a9a0-4076-9ac3-63b2e617a8b6","txtVendor_Review":"ab8dc01d-4008-424f-9cf6-ecda33c877f6","conReviewVendorName":"c654e4c9-9299-498a-83e7-70134a2830b2","lblVendorName_Review":"a5f13ff9-a1dc-496a-a99d-789a650cdb4c","txtVendorName_Review":"5a99d2b4-5ab2-4078-8085-e55d8bcdc298","conReviewCompanyCode":"e6008a76-8b70-46fc-b292-1aa2bbe5133f","lblCompanyCode_Review":"f5887319-e9f1-4747-abaf-d78eba3b77c5","txtCompanyCode_Review":"ef1bb0cc-8d56-415b-a75e-f4b713a18441","conReviewTotal":"92db894e-67c3-4cca-9993-acb2441bdb69","lblTotal_Review":"0b1147be-4949-448b-901c-39e8c12e46db","txtTotal_Review":"dbc19f11-8797-49a1-b427-f3e8bda7ec8e","conInvoiceLineItems_Review":"434c0161-b12c-4745-97e5-92043f96b383","conInvoiceLineitem_Review":"e1c62917-e8ff-4748-b809-effd55b0f4d8","lblInvoicelineItems_Review":"87c58b00-3e2a-4c6c-a77d-812fead37784","conVendorInvoiceHeaderReviewItems":"fa15db91-7e6d-474a-bb70-b54718a25471","conReviewGalHeader_Item":"1d715b21-bfcd-43ca-91f8-d4e3f5398b4c","TextCanvas1":"ee59ef5c-432c-49a6-857e-205eb055aa76","conReviewGalHeader_Location":"b6a6acdc-6d17-428c-86b2-c7d5223bc888","TextCanvas2":"e7ffe8c2-bd9f-4abd-8040-791d690f539e","conReviewGalHeader_Material":"d2b9f500-5e20-4c58-ad47-39151d996422","TextCanvas3":"7e9659cf-12e9-4c86-b4e9-4da4a84b59bc","conReviewGalHeader_Description":"c6058967-0074-4c4f-ae3a-9add857a88ab","TextCanvas4":"88eef79c-143a-4a3a-9fcc-ceff4369ac87","conReviewGalHeader_Quantity":"32950483-17a2-499e-b4c2-40118a7a9fdc","TextCanvas5":"1c58be64-c7d1-44e5-b629-712335510b23","conReviewGalHeader_Total":"2fd9eee4-2266-4962-84c3-8f30cbf47dc1","TextCanvas6":"ee54b356-1fff-44f8-9361-557325389497","galLineItems_Review":"ec3c73aa-522d-4859-a18d-d5ea483f6e66","galleryTemplate3":"b4e38bd4-704b-4dea-93da-a5a57635ecc6","conVendorInvoiceMainReviewItems":"f8d1f3e5-a9ff-4066-b751-d0c40d1f7125","conReviewGalMain_Item":"4616cc9a-7bec-4f1c-a99b-63d4cf580b69","TextCanvas1_1":"6a5d1b55-62aa-4e92-8885-080148cd79c6","conReviewGalMain_Location":"3eb10f20-76c8-40ed-bfb6-5fe7f1179514","TextCanvas2_1":"4fe12fce-f3d1-4f76-a3ab-1d08db5e3872","conReviewGalMain_Material":"1e301f68-ba5f-48a9-9b3b-bec359d34db9","TextCanvas3_1":"864ad273-ad04-4cab-ad1e-0d8cd091477b","conReviewGalMain_Description":"d661c351-ad2b-49eb-9d23-7f2b2efe5ebd","TextCanvas4_1":"a6400c54-ea1f-4fbf-98d2-c55d7d7a2b00","conReviewGalMain_Quantity":"9ae7f33f-a14f-4284-9e80-30792d7b97b7","TextCanvas5_1":"302163b8-9060-4f49-8cab-7868d734c5fc","conReviewGalMain_Total":"e2d2429e-2dcf-4649-b1a8-0153312990d4","TextCanvas6_1":"df9a1c38-452f-456b-bc38-0069f255add2","conButtons_Review":"ebd99857-dfbe-4d56-b440-0050eb4a252a","btnCancel_Review":"5824bc31-0914-40eb-bb71-b23eda0f452d","btnNext_Review":"cd2812bf-8d49-4d70-b24a-6827f3561eee","shpDivier_Review":"5fba80a7-9337-457b-b557-2a6b1c7930e3","spnProcessing_Review":"b57310cc-77c1-42fd-a3e5-4ccd7f8a0cb7","Landing Screen":"00f25bf9-a911-41b8-b1d7-124af2837023","imgBackgroundGradient_Landing":"b9bfc26e-2f54-4509-a177-8ba34efcd5aa","compHeaderCompound_Landing":"0a6bd8a0-7380-45cd-aa45-13e2f46b7b12","compLeftNavigation_Landing":"8d8a511e-6c21-43fc-b845-469f1111c0af","conPageContainer_Landing":"38417bc2-eb82-41c7-8dd2-47c363e9a472","conMainContainer_Landing":"fed6bfdc-b266-4cf2-812d-db71202d5fae","conHeader_Landing":"3203b8ad-ccdf-40b7-aed7-db56e77ec5f4","conHeaderLeft_Landing":"3daa02ee-77d2-4866-bb3c-982b2440bbef","conHeaderContent_Landing":"ba8e2eb1-e93b-4791-8387-3de47329204a","lbl_H1_Landing":"81c8b789-eeab-4f33-83c7-8832dd06c450","lbl_H2_Landing":"aa581993-48d8-43f1-b204-ab2d7138795a","conHeaderRight_Landing":"0058dfe6-3f6c-4da3-9b41-82f9e9fdfc55","conHeaderButtons_Landing":"d09c9882-92d1-40ee-82d2-dfc9b90fdd24","btnNew_Landing":"af3146c6-c46f-4b54-b040-e6cb17c271ec","btnSearch_Landing":"1a9df4fd-cbab-4e0d-b3b4-0e663da38ad4","conRecents_Landing":"6a32c144-9773-40d5-a746-43bb9a7e2706","conRecentsHeader_Landing":"f1caa9bd-21ca-47ae-b5f3-e1ee5e45b463","conSearchOrders_Landing":"651d8d1b-e179-475c-af56-b850a8f23512","txtSearchOrders_Landing":"a7e8c53b-cb0a-4292-8918-ae4a832c36d0","btnSearchOrders_Landing":"0b7b53da-53bb-4d1b-bf39-6595ab5c1cb7","lblRecentHeader_Landing":"61f1c342-bd92-47da-bc13-5e11033559a6","conRecentList_Landing":"34fbdbf0-4f97-4d37-93a6-a639440851ae","tblRecentList":"007fcc50-abf2-45e8-b5ee-5222a485a671","Object ID1":"9c634bc9-710a-4ce2-b075-9e6a74d57aa0","_VendorName1":"20f603d2-f5f0-416b-8da6-274a867beb35","mpa_lastsearchedon3":"73f17562-f951-4272-aca1-8f08d4519a1f","spnProcessing_Landing":"4335b103-edbc-4b41-b3c3-fd21e20a0243","Product Line Items Screen":"17538b0a-e44d-4207-9943-49148044e17e","imgBackgroundGradientOrgs":"3c17bb11-fbac-47b7-b69a-554d0135cc17","cmpHeaderCompound_LineItems":"06799e04-984b-46d9-8cd6-fdf38bd539b2","cmpLeftNavigation_LineItems":"c5159c90-bd9e-4d33-b970-6d3efef54bb9","conPageContainer_LineItems":"a3f5e84a-a714-46aa-95be-5508763ded2b","conMainContainer_LineItems":"3d8d1ec8-b8bc-4654-a2f7-2c33bb83c593","conHeaderContainer_LineItems":"527aaf8e-1c61-4e19-ba5e-47d724d2dfe5","lbl_H1_Vendor_LineItems":"85734e3b-9412-44fb-bceb-5d5a111bbdd5","lblSubtitleVendor_LineItems":"02ef8ef3-a7f1-4532-b152-2f56804dbdea","compStepperHorizontal_LineItems":"fd5f1f15-2129-4dec-9f42-a3b2fcd03985","conAddressSection_LineItems":"1a3bdf21-3817-4399-a33f-08cb6ba29d9b","conVendorItemLineItems_MaterialSection":"35ac1650-bc55-45a6-8242-2227c0fad9af","conVendorInvoiceItemDetailsDataMaterialCreate":"9e9fbb23-44ba-4734-8e34-6870ea98a3a8","lblVendorInvoiceItemDetailsDataMaterialCreate":"adcb6258-45fd-4387-a5b0-238d5a19ae4c","txtVendorInvoiceItemDetailsDataMaterialCreate":"4f40b746-db68-4163-bb60-d9e96cd346e3","conVendorInvoiceItemDetailsDataDescriptionCreate":"6f0e6af5-b324-4242-8b9e-7f80e470fe71","lblVendorInvoiceItemDetailsDataDescriptionCreate":"9f66a798-01a8-4098-bc57-51a5d76fca63","txtVendorInvoiceItemDetailsDataDescriptionCreate":"a8609f29-49e7-4608-be96-293f63ca7546","conVendorInvoiceItemDetailsDataQuantityCreate":"0d0ad336-2a11-42ca-81e2-acf27c5cdc90","lblVendorInvoiceItemDetailsDataQuantityCreate":"6db1e6bd-c7f2-468e-905c-d104df5fafd6","txtVendorInvoiceItemDetailsDataQuantityCreate":"b1ddd932-4b02-44f5-85be-51fc8f6d9257","conVendorInvoiceItemDetailsDataUnitCreate":"fa4a16b8-f3cf-4591-b81f-b288855ef359","lblVendorInvoiceItemDetailsDataUnitCreate":"a3ade3e1-2f32-4253-a63d-0ff284e650aa","txtVendorInvoiceItemDetailsDataUnitCreate":"6b911278-73f2-425b-8ddb-e5346b1e63a0","conVendorInvoiceItemDetailsDataTotalCreate":"79cb0dc2-082e-4502-b536-9cb1bd17895f","lblVendorInvoiceItemDetailsDataTotalCreate":"e4bf0886-2781-4a14-b331-8a42b547aea5","txtVendorInvoiceItemDetailsDataTotalCreate":"9976e6a3-3fcd-4ffc-bc95-77b2a7b5f11a","Container14":"ea4984b6-4c47-4b0e-8439-924c3d68859f","CancelLineItemCreate":"9fab1358-a518-451c-ad81-3e887bf01166","UpdateLineItemCreate":"805c0939-3c88-4558-88fa-d83e6983f8ad","conVendorInvoiceLineItemsTableCreate":"9994d913-9cd9-4968-8029-36615114e8f0","conTableCommandBar_LineItems":"4a0a6244-eebe-4681-9a44-545dbdbf3da8","lblTableHeader_LineItems":"bedd45f6-cc9f-44a1-83dd-bdf3c3189c6d","conCommandBarButtons_LineItems":"9bf017fa-d613-44bb-81b5-5efe704f914d","btnCommandEdit_LineItems":"6d2972d8-cd69-46c7-a90e-b37a9a64b3b7","btnCommandDelete_LineItems":"08d3d15b-5a64-4099-a956-6e7b534ad782","conTable_LineItems":"d89cae62-50f3-4862-8a7b-5bc088739183","tblLineItems":"dac57ae2-a49b-42e0-83e0-f9080340609a","ItemNumber1_1":"1b2cbfe7-31c0-469f-b8dd-afe2a424fa65","Location1_1":"7e3aae4d-2f28-4a29-9d83-6d97c8c3d2e5","MaterialNumber1_1":"1e5c8ee4-0f49-454c-a4cc-8e5aa9c77491","Description1_1":"fffe4fc2-ac6b-41a2-9573-d046cadfb4ac","Quantity1_1":"8de3e7b5-2893-4089-bbe7-58bf6df8d820","UnitOfMeasure1_1":"39d3fe77-33bd-408f-adf4-b438c7470bf1","TotalPrice1_1":"4679e7e5-60b3-4d05-b53c-7f06e4acba87","PurchaseOrderNumber1_1":"3f264d33-e971-476e-8425-4040cc234a35","PurchaseOrderItemNumber1_1":"0d194af4-aeb3-4a24-b6e4-9c8cf410312a","conButtons_LineItems":"8772fb01-f106-4a09-9b88-b233bd368eb6","btnBack_Org":"43852692-2d01-469e-986e-f5fe11a727df","btnNext_Org":"f3927c5c-2425-4e9d-8640-8a0ada608d10","spnProcessing_LineItems":"0742eb5d-d1fc-46a2-a550-1a513d135977","Purchase Order Search Screen":"e8c3adeb-def5-4e57-b24d-c43eacd845e3","imgBackgroundGradient__OrderSearch":"c8bd5731-62d2-44c0-8834-6287aeaa0644","cmpHeaderCompound__OrderSearch":"5676e85f-aac7-4a9c-ac34-4a06825f4544","cmpLeftNavigation__OrderSearch":"6c606f8c-5a95-430f-b517-cfb0b026d671","conPageContainer_OrderSearch":"ae35c51b-39ea-4245-84ba-14e499a0386b","cmpPurchaseOrderSearch":"e2564833-66f4-4a5e-8d23-a5929687e3df","View Invoice Details Screen":"ea6da45b-6967-4e57-9c43-dc943a05196a","imgBackgroundGradient_Details":"dc579140-33ac-4777-9940-41a1beb2e974","cmpHeaderCompound_Details":"c123ed59-8449-4a0f-a6ff-7b2e9bc5853a","cmpLeftNavigation_Details":"2d8c12a3-ac59-45c4-a3f2-4a83f844c4ca","conPageContainer_Details":"2d6ec08a-980e-42de-b1ba-c0546f12a816","conMainContainer_Details":"de8f30f9-6d06-4663-9fef-0747d421e2ca","conHeader_Details":"863b7561-f38b-4c2d-93ff-5ebff6415033","conHeaderLeft_Details":"c13450ae-0181-42f9-b9a9-ad7ac0997d1f","conHeaderContent_Details":"53033e8f-b0e0-4b84-ad45-89d2a06504a2","lblHeading_Details":"597164b8-1c67-4dab-8e72-f74f496091ae","conHeaderRight_Details":"7c9cbfd4-bd0c-4fc3-8605-7e70ad738060","conHeaderButtons_Details":"d236fe79-40aa-4edc-8bbe-024bedf83ece","btnNew_Details":"ca893c8b-904c-4737-b097-2830a77e98a1","btnSearch_Details":"4dc849bc-9a54-40f5-850a-696ed0a4443d","conInvoiceDetails_Details":"5f8da939-2ee5-446d-895c-f50fc44ae70c","tabDetailOptions_Details":"35348842-9b81-47f0-9c73-3b75d68e48f1","TabName":"3b62a93e-85e7-420c-b65e-963c320b510b","conInvoiceFormHeader_Details":"7afb5420-894f-4db3-a4fc-06554b9b9557","conActionButtons_Details":"1d5e62f2-5c52-4696-93ed-71fc3cf1cf50","btnReversePosting_Details":"4d369867-3472-4912-b6d6-7f03ffd81617","conButtonRight_Details":"c2e1c0a0-bdb8-4f4f-814d-41280ad29f7f","btnEditOrder_Details":"b92685f3-1343-4322-a2b7-3202f1c628fb","btnApprove_Details":"2eb8f4aa-70c0-4b85-b29e-c362e9ba4641","conInvoiceFormContent_Details":"850ba3e3-75cf-42ce-ade3-7869b2a97fdf","conInvoiceFormFields_Details":"794f2d62-5376-4070-91cc-1caeca4807dc","conPurchaseOrder_Details":"756d9a39-35e9-47a7-88cc-81aae8222a26","lblPurchaseOrder_Details":"5a3f7ff6-3b92-428e-b3a3-66b9d4c0cf46","conOutlinePurchaseOrderNumber_Details":"c54ceff5-6548-4dce-a610-06ccfba0f738","btnPurchaseOrder_Details":"83a4755e-c4d5-40f9-8c23-885f6af5f720","conReversalDocument_Details":"7f792466-5c19-4622-b26e-0714a8f9dc58","lblReversalDocument_Details":"f7226739-2568-49fe-b801-435ba07451a6","txtReversalDocument_Details":"fb517193-6007-4ed9-bd8c-f07915c15610","conDocumentType_Details":"80e2da45-5051-4548-8c0e-4522635b11e5","lblDocumentType_Details":"6222f5bf-865a-418a-9fbb-408abcfc29cd","cmbDocumentType_Details":"04fd40c3-a2e1-4b85-b952-39cbfa8a51e8","Display Value9":"d75f4b41-3671-44b1-ad0c-2b663f7af8cd","Value Code9":"be474d2d-9574-4f76-bf77-e2c3b6e11cb3","conPostingDate_Details":"273d7e58-e84e-42b3-b6e8-836be24f42ed","lblPostingDate_Details":"c27e40cf-981a-4124-a338-659ff8d47c2c","dtePostingDate_Details":"adb64545-8abe-474b-9262-d9c46147077d","conPaymentMethod_Details":"f4a641f1-2cd7-43d2-8c2b-31e97c1787d0","lblPaymentMethod_Details":"c5694db8-fea0-4033-b454-11b451b4eb81","cmbPaymentMethod_Details":"4a3c65c5-7e78-4970-ab83-54cf58ecfd4c","Value Code2":"fb279b4c-febb-4e58-ad4e-c3c87c8e8206","Display Value2":"3ab9dd1e-2791-442e-a551-189ad1d7e0b0","conVendor_Details":"82b14a95-5f77-4e69-bc69-4bf8f99a0641","lblVendor_Details":"67f4a328-c6f8-404f-8d20-7980a1388518","conVendorButton_Details":"855af28c-38b1-4fe8-9a47-56278a91c028","btnVendor_Details":"0550d7f8-10c6-49ca-9a1c-bd55eba27bdd","txtVendor_Details":"5b2c3dd7-bc98-4a85-ab0f-a71bada75a60","conVendorName_Details":"17ef03ce-a771-4f6d-8e0c-877502898e8f","lblVendorName_Details":"b4717218-e126-451e-8577-d2613628b0c8","txtVendorName_Details":"11d8e448-9584-482a-b99f-21cc2e073a39","conTotal_Details":"f4744517-6f5a-4a7f-a8fc-f404d5c83a79","lblTotal_Details":"803317a2-4bf1-4405-8370-0530c7f1cc7e","txtTotal_Details":"90d1da3d-ae21-4a73-a4c4-50856d603046","conCurrency_Details":"6fc322b2-1282-42e5-8fde-e239a5f2e4d9","lblCurrency_Details":"6f773bd3-6dee-4bc1-bb5b-3f2c06ea8318","cmbCurrency_Details":"a7fd15ab-86a0-4f9a-a322-88bb2c726485","Display Value10":"f90dab21-08d4-4ec9-bd02-0ab2870bbef8","Description2":"8717a389-03d5-4d50-937f-2950cf860bf4","Domain2":"5c8068b2-c464-4289-a925-5302198bbc05","Language2":"348f2560-f6cb-4805-9a87-1a580ff6b58d","Value Code10":"0d8b226a-bcbc-434c-ac37-6c4050201661","conDueDate_Details":"e0d900ad-a281-4a51-8356-42e002db5cbe","lblDueDate_Details":"66db09e3-df1a-4776-968e-3036479ce9cc","dteDate_Details":"a4352f57-3228-40f6-a0c4-797605086495","conCompanyCode_Details":"f4c559b4-e264-417b-81d9-647266fe5cfd","lblCompanyCode_Details":"bb492507-b7d8-4980-b32c-d1bb601d38e4","cmbCompanyCode_Details":"0f0a8bbb-fd1d-4cfc-8009-c0c63bf63826","Display Value1":"53eeda9c-c51d-4a0f-aab2-8faee93fb5aa","Value Code1":"bb35bf35-9541-4c8b-9bf0-a49ae89bbec7","conFiller_Details":"6484133a-4410-4029-a0f4-66db17d59421","conPaymentTerms_Details":"d39b8790-11f0-4300-b216-ba42ae683f5c","lblPaymentTerms_Details":"d9b83ef5-9b88-4956-a93b-9cd9acd7c5c4","cmbPaymentTerms_Details":"31cbf301-55cb-48b6-ab92-856b4a9b8664","Display Value5":"8df2e82e-c331-4fb5-94ad-da883026fa77","Value Code5":"4684cb49-de4b-4d89-9316-bfe810e77d03","conFiscalYear_Details":"0f2bca6a-29bb-4338-97f9-0a301f9f8b84","lblFiscalYear_Details":"dbca4411-8b81-4ebe-8536-494a5d7db7f6","txtFiscalYear_Details":"f2d803e1-1ece-4834-9529-99a316eaa026","conCreatedOn_Details":"ee3f34fa-fe4a-4d12-a914-a6720a0c2a10","lblCreatedOn_Details":"5ac154fb-271a-404d-8268-f288be9476a6","txtCreatedOn_Details":"3425f6b5-8ff5-4298-9b09-99965b15fc82","conInvoiceStatus_Details":"dbb2f2bb-5f37-4a4b-9f1c-f7836803a0e7","lblInvoiceStatus_Details":"dcd55d97-d8e9-426b-b667-dc7a84b8580e","cmbInvoiceStatus_Details":"7ff53fca-5460-44c4-9a56-e95910ff0716","Display Value11":"a5836d3b-934b-4339-9a68-1e3f547c64e3","conInvoiceLineItems_Details":"b3094a63-b3a2-46e9-882e-9c21dea0db9c","conInvoiceLineItemsCommandBar_Details":"623b16f1-65d7-477d-98bd-226ab7300b9f","conCommandBarLeft_Details":"269e8a26-55ee-497f-98ae-8bc91e1b48b6","lblItems_Details":"b2bfd023-a4df-4e91-bf06-80f3e9f3dba6","conCommandBarRight_Details":"9caf36a4-9933-4fbb-8755-19af20c52d89","btnCommandDelete_Details":"babe2b16-c07b-49ed-9563-459de1e5b048","btnCommandEdit_Details":"11fa7126-bff3-433b-a51c-fbb0e7f220b5","conInvoiceItemsTable_Details":"bb4c3ed4-feda-4cc2-bf7b-c0fa64ab44e0","tblVendorInvoiceLineItems":"3d609b95-4722-44d1-a392-1a0abf4863e2","ItemNumber3":"84efb5ac-4f06-4813-87f4-fdfe9dce8389","Location3":"ac6ce10b-f6bd-46d7-81e2-f5f4cb365557","MaterialNumber3":"63dad6fe-e539-4dc5-9c5f-fdb09e60a320","Description4":"da7db08c-9221-4d9b-9e7c-b6cd2a7249af","Quantity3":"3c5b037a-3b28-4519-a7bd-cdda16766b57","UnitOfMeasure2":"53df1a2a-38fd-4ed1-8209-f165aa8d7a95","TotalPrice3":"11ab430b-03e5-440e-af28-e3d909670361","PurchaseOrderNumber2":"d0484244-640b-4299-a9f2-2451c49a749a","PurchaseOrderItemNumber2":"0d5bafbb-5108-4833-8021-a702d8625668","conButtons_Details":"af098b92-957d-4aaa-9f3a-2d5737c0682d","btnCancelEdit_Details":"a53eb21a-4eed-4db8-90f2-b7df3c005887","btnSaveEdit_Details":"cd4eca30-aa3f-402f-b2b8-c334c33dcd9f","btnReadInvoice_Details_Hidden":"c2fde613-5cf7-40da-b57b-34e33b72b537","spnProcessing_Details":"2760d877-86c0-492e-98d4-3db50329223e","Success Screen":"978d1fcc-2a8a-4906-a3d6-b39c960e4e80","imgBackgroundGradientSuccess":"7929fb05-d54d-4951-b5a3-e491ad3fba14","compHeaderCompound_Success":"1a55e94b-dc60-45e7-92be-d5c5183be159","conPopup":"3e1986d3-c405-4f82-9559-108fa209c655","conPopupContent":"dc352987-5d1b-45f9-a47e-06bc570b7666","lblPopupTitle":"237a3ff0-7261-4a4a-a44c-bddb617ceff0","lblPopupDescription":"089be20c-ba13-4cbb-82b1-7a16ad05d028","btnBackPopup":"5cb56eea-0ab1-4c2b-bada-8b1a424c4b92","spnIsProcessing_Success":"50866ecb-5a8a-46a5-a5ea-347fef259bbd","Item Details Screen":"6f71e70e-e6f0-4332-8485-f7ff23780d4a","imgBackgroundGradient_Item":"ee28ba4a-67a3-4014-903d-0927d268266a","spnProcessing_Item":"fe0939f5-c845-4a6f-a998-a8a2c4b6f708","cmpHeaderCompound_Item":"c22d9c02-9f49-4994-b87b-a6cc47860dd0","conPageContainer_Item":"7a18b57e-c69d-4a35-9bc0-9b5e42844457","conMainContainer_Item":"cf46fa28-2a7b-4d62-80fe-854f8edae42b","conHeaderContainer_Item":"c7ea2fa7-16c7-4674-817d-c6239142f7a6","lblH1Item":"33dfbfa2-a0d2-4ce3-a0e6-4147906a61a7","conItemFormSection_Item":"5044d162-66c7-4fe8-9df5-40f8469e837d","conFormFields_Item":"b4534182-dc20-4bfc-bf7f-e6e12c056a8a","conMaterial_Item":"6356ce01-bccc-4448-af4a-c2a5fef6ccf5","lblMaterial_Item":"26dd7c8a-5615-4009-a911-0c5aab61830b","txtMaterial_Item":"2ceed92a-2dd9-43ef-89e6-a32208dc1df0","conDescription_Item":"cd84daec-3dad-4cf4-b444-e370d59d258f","lblDescription_Item":"791536f4-c28a-41d6-bf7d-eebfcc33a224","txtDescription_Item":"9f3329fa-c2a5-49a2-8851-2826ce1eb2df","conQuantity_Item":"2b7607c3-5c25-478c-9c5f-f8ed9fef219a","lblQuantity_Item":"fd9f992f-9428-490b-b084-d3658fa874b4","txtQuantity_Item":"bf287058-f359-4a02-a6d5-e7c433bb180b","conUnit_Item":"2cbb9a23-5e73-49b4-9ffc-498267e3f05b","lblUnit_Item":"2fbdd0fe-28d0-405f-9c98-b4d901561387","txtUnit_Item":"8278a2b9-ca0a-4c74-b5c2-91ce2d18cb22","conTotal_Item":"82cd4e4e-a8fb-4d13-8595-20ebd83287cd","lblTotal_Item":"8855ca80-7365-499a-af8a-0ca0178e4558","txtTotal_Item":"b27d81fe-bbc9-4796-8c86-652b5b680943","conPurchaseOrder_Item":"c59c7fa7-a782-4c26-94a8-e842a725f6b7","lblPurchaseOrder_Item":"3061ddfa-c3e7-4e63-b73d-f1f09de92532","conPurchaseOrderButton_Item":"5ff5c135-fd63-4f09-97e6-ba6bcff331a2","btnPurchaseOrder_Item":"8742bf8c-9c4a-4816-bfcb-774e07ce15cc","txtPurchaseOrder_Item":"4dacf4e7-b9d4-4433-8ce7-e045eeb9d533","conPurchaseOrderItem_Item":"9f40756f-c985-4dc4-93ef-f2961c6ada18","lblPurchaseOrderItem_Item":"5f151f0f-57c6-403e-88a4-5d31237c060a","txtPurchaseOrderItem_Item":"a704d26f-425f-472d-b0d6-a39eb64d5c70","conButtons_Item":"8c19952a-be0a-41fd-a64f-0975f597364b","btnCancel_Item":"7807d51c-132f-43b1-bbcb-45460ea1b7b5","btnSave_Item":"33aabdcb-b50f-476f-baaf-5e77c3d148f0","cmpLeftNavigation_Item":"9b449fb9-62d6-41c9-b0a6-0d04f2a482d2","Invoice Search Screen":"75ab79af-d4c4-492b-9a50-cb05a9e9f7d9","imgBackgroundGradient_InvoiceSearch":"6618581f-34d7-4f7c-b4f2-879c78736c47","cmpHeaderCompound__InvoiceSearch":"971aff70-58db-44dd-b0b7-16cd43d6a219","spnProcessing_InvoiceSearch":"c811459b-f8a0-408a-894a-8970e8ca3791","conPageContainer_InvoiceSearch":"924344da-75c1-4cf2-9d2a-83e5847b5d0c","cmpVendorInvoiceSearch":"053179dc-1a1f-45e5-9cf4-e23eb8612a9a","cmpLeftNavigation__InvoiceSearch":"14108579-d70a-43bc-ae72-6eb7767d4996","Vendor Search Screen":"67fd0a79-25d3-4d43-ba1b-bfb48bbbd819","imgBackgroundGradient_VendorSearch":"b591dc39-e262-4938-8efe-b7e5aecf41e5","spnProcessing_VendorSearch":"4e28334e-a74b-4b3a-9432-7022bfb10a00","cmpHeaderCompound_VendorSearch":"83978769-deeb-4a1f-be4d-77be19391a24","conPageContainer_VendorSearch":"cc75539e-a4b8-40a8-a4c7-a44984b1b811","cmpVendorSearch":"dcadc529-d1d3-4d98-a8de-05bb50de1531","cmpLeftNavigation_VendorSearch":"b8e1abe6-734e-4d04-be60-a37846d9dcde","Vendor Invoice Reversal Screen":"b14e6d6d-6217-4468-b27d-b27a1b84c84b","imgBackgroundGradient_Reversal":"4cfea59f-d4ba-46a8-949f-8b7791fd2118","spnProcessing_Reversal":"76628961-1888-43ae-aaea-65105051b2c5","cmpHeaderCompound_Reversal":"d14144af-c37e-4136-b415-54793c3039cb","conPageContainer_Reversal":"2dcfbcc1-cdb5-498a-bb1f-eb407648f4a2","conMainContainer_Reversal":"a0de2f2d-2f9d-43d5-ad6c-b8acdcb93246","conHeaderContainer_Reversal":"eff6ab7b-b88c-4491-8fa1-6bd1b0198442","lblHeading_Reversal":"7bf2bd6a-824c-48c9-b16a-74c8e958951b","conContentSection_Reversal":"13e05abe-174e-41ca-8e55-370e06621b96","conFormFields_Reversal":"43370073-a044-4d4a-89e2-13d01e2e4d4f","conReversalReason_Reversal":"059739ec-32e5-4da9-b798-510d16d3bf58","lblReversalReason_Reversal":"b1bd7c14-c252-4004-9048-9455b652959b","cmbReversalReason_Reversal":"641ce3a1-9298-4071-8571-2147027b2fa3","Display Value8":"d426e46d-786a-4e30-bccf-8194ab78884b","Value Code3":"efccdef5-2322-4dfc-abae-1a55a349d75a","conButtons_Reversal":"36592b4d-26ae-48c4-9ab0-0ff1ec60036d","btnCancel_Reversal":"0929e546-8a17-4827-9906-f7c78fe5af1c","btnReverse_Reversal":"51a531be-f4ec-4d1c-8cad-1bfe3d83bb41","cmpLeftNavigation_Reversal":"405c3ba3-1041-4e2b-910d-8ae5bd8405ad"}