{
  "properties": {
    "connectionReferences": {
      "shared_saperp": {
        "runtimeSource": "invoker",
        "connection": {
          "connectionReferenceLogicalName": "gilman_sharedsaperp_74c03"
        },
        "api": {
          "name": "shared_saperp"
        }
      }
    },
    "definition": {
      "$schema": "https://schema.management.azure.com/providers/Microsoft.Logic/schemas/2016-06-01/workflowdefinition.json#",
      "contentVersion": "1.0.0.0",
      "parameters": {
        "$connections": {
          "defaultValue": {},
          "type": "Object"
        },
        "$authentication": {
          "defaultValue": {},
          "type": "SecureObject"
        },
        "SAP Development (sap_SAPDevelopment)": {
          "defaultValue": "{\"AppServerHost\":\"sap.clearsoftware.com\",\"Client\":\"100\",\"SystemNumber\":\"00\",\"LogonType\":\"ApplicationServer\"}",
          "type": "String",
          "metadata": {
            "schemaName": "sap_SAPDevelopment"
          }
        }
      },
      "triggers": {
        "manual": {
          "metadata": {
            "operationMetadataId": "baa8aa30-1102-4438-851f-fece80bbe3ee"
          },
          "type": "Request",
          "kind": "PowerApp",
          "inputs": {
            "schema": {
              "type": "object",
              "properties": {
                "Order_Value": {
                  "type": "string",
                  "description": "Enter initial value",
                  "x-ms-powerflows-param-ispartial": false
                }
              },
              "required": [
                "Order_Value"
              ]
            }
          }
        }
      },
      "actions": {
        "Order": {
          "runAfter": {},
          "metadata": {
            "operationMetadataId": "4b0212c7-3ffa-4661-9cb5-e4e8ac8d68e7"
          },
          "type": "InitializeVariable",
          "inputs": {
            "variables": [
              {
                "name": "Order",
                "type": "string",
                "value": "@{triggerBody()['Order_Value']}"
              }
            ]
          }
        },
        "Initialize_Approval": {
          "runAfter": {
            "Initialize_Header": [
              "Succeeded"
            ]
          },
          "metadata": {
            "operationMetadataId": "1762f515-ae98-44d9-8f43-b1acae2b01d5"
          },
          "type": "InitializeVariable",
          "inputs": {
            "variables": [
              {
                "name": "Approval",
                "type": "string"
              }
            ]
          }
        },
        "Payments": {
          "runAfter": {
            "Initialize_Approved_By": [
              "Succeeded"
            ]
          },
          "metadata": {
            "operationMetadataId": "3ca9d172-3dad-4359-9b26-263658faca63"
          },
          "type": "InitializeVariable",
          "inputs": {
            "variables": [
              {
                "name": "Payments",
                "type": "array",
                "value": []
              }
            ]
          }
        },
        "Initialize_Approved_By": {
          "runAfter": {
            "Initialize_Approval": [
              "Succeeded"
            ]
          },
          "metadata": {
            "operationMetadataId": "f4092086-0755-4c70-a705-5bdd45d41a6a"
          },
          "type": "InitializeVariable",
          "inputs": {
            "variables": [
              {
                "name": "ApprovedBy",
                "type": "string"
              }
            ]
          }
        },
        "Header_Text": {
          "runAfter": {
            "POTEXTHEADER": [
              "Succeeded"
            ]
          },
          "metadata": {
            "operationMetadataId": "55803a84-63dc-4930-89f3-e965a7a5d9b9"
          },
          "type": "InitializeVariable",
          "inputs": {
            "variables": [
              {
                "name": "HeaderText",
                "type": "string"
              }
            ]
          }
        },
        "Initialize_Header": {
          "runAfter": {
            "PO_Detail": [
              "Succeeded"
            ]
          },
          "metadata": {
            "operationMetadataId": "3ca9d172-3dad-4359-9b26-263658faca63"
          },
          "type": "InitializeVariable",
          "inputs": {
            "variables": [
              {
                "name": "Header",
                "type": "object",
                "value": {}
              }
            ]
          }
        },
        "If_Approval_Exists,_Get_Approver": {
          "actions": {
            "Update_Approval": {
              "runAfter": {},
              "metadata": {
                "operationMetadataId": "a5b0b923-1f23-4556-aa93-27bf33eb9677"
              },
              "type": "SetVariable",
              "inputs": {
                "name": "Approval",
                "value": "@{outputs('Check_Approval')?['body/Rows'][0]['CHANGENR']}"
              }
            },
            "Update_Approved_By": {
              "runAfter": {
                "Approved_By": [
                  "Succeeded"
                ]
              },
              "metadata": {
                "operationMetadataId": "a5b0b923-1f23-4556-aa93-27bf33eb9677"
              },
              "type": "SetVariable",
              "inputs": {
                "name": "ApprovedBy",
                "value": "@{outputs('Approved_By')?['body/Rows'][0]['USERNAME']}"
              }
            },
            "Approved_By": {
              "runAfter": {
                "Update_Approval": [
                  "Succeeded"
                ]
              },
              "metadata": {
                "operationMetadataId": "14ef6edb-0dec-40c7-bc93-f43aed149b17"
              },
              "type": "OpenApiConnection",
              "inputs": {
                "host": {
                  "connectionName": "shared_saperp",
                  "operationId": "ReadTableVersion3",
                  "apiId": "/providers/Microsoft.PowerApps/apis/shared_saperp"
                },
                "parameters": {
                  "x-ms-sap-system": "@parameters('SAP Development (sap_SAPDevelopment)')",
                  "inputParameters/tableName": "CDHDR",
                  "inputParameters/FieldNames": [
                    "USERNAME:User name of the person responsible in change document"
                  ],
                  "inputParameters/RowCount": 1,
                  "inputParameters/WhereFilters": [
                    "CHANGENR = '@{variables('Approval')}'"
                  ]
                },
                "authentication": {
                  "type": "Raw",
                  "value": "@json(decodeBase64(triggerOutputs().headers['X-MS-APIM-Tokens']))['$ConnectionKey']"
                }
              }
            }
          },
          "runAfter": {
            "Check_Approval": [
              "Succeeded"
            ]
          },
          "expression": {
            "greater": [
              "@length(outputs('Check_Approval')?['body/Rows'])",
              0
            ]
          },
          "metadata": {
            "operationMetadataId": "c74b328c-2fb0-4e70-adbe-c4cf6846e8fb"
          },
          "type": "If"
        },
        "Parse_Items": {
          "runAfter": {
            "If_Approval_Exists,_Get_Approver": [
              "Succeeded"
            ]
          },
          "metadata": {
            "operationMetadataId": "15a99d38-7c48-4ed6-9275-7ae4c8e05d54"
          },
          "type": "Select",
          "inputs": {
            "from": "@outputs('PO_Detail')?['body/POITEM']",
            "select": {
              "Item": "@int(item()?['PO_ITEM'])",
              "Material": "@if(isInt(item()?['MATERIAL']), string(int(item()?['MATERIAL'])), item()?['MATERIAL'])",
              "Description": "@item()?['SHORT_TEXT']",
              "Plant": "@item()?['PLANT']",
              "Quantity": "@if(equals(0, item()?['QUANTITY']), string(item()?['QUANTITY']), string(item()?['QUANTITY']))",
              "Unit": "@item()?['PO_UNIT']",
              "UnitPrice": "@formatNumber(float(item()?['NET_PRICE']), 'F2')",
              "CrudType": "R",
              "AssignmentCategory": "@item()?['ACCTASSCAT']",
              "TotalPrice": "@formatNumber(mul(float(item()?['QUANTITY']),float(item()?['NET_PRICE'])), 'F2')",
              "Requisition": "@if(equals(item()?['PREQ_NO'], ''), '', int(item()?['PREQ_NO']))"
            }
          }
        },
        "Parse_History": {
          "runAfter": {
            "Parse_Items": [
              "Succeeded"
            ]
          },
          "metadata": {
            "operationMetadataId": "15a99d38-7c48-4ed6-9275-7ae4c8e05d54"
          },
          "type": "Select",
          "inputs": {
            "from": "@variables('History')",
            "select": {
              "Item": "@int(item()?['PO_ITEM'])",
              "Document": "@item()?['MAT_DOC']",
              "Process": "@if(isInt(item()?['PROCESS_ID']), int(item()?['PROCESS_ID']), item()?['PROCESS_ID'])",
              "Quantity": "@if(equals(1,2),string(item()?['QUANTITY']),string(item()?['QUANTITY']))",
              "Amount": "@if(equals(1,2),string(item()?['VAL_FORCUR']),string(item()?['VAL_FORCUR']))"
            }
          }
        },
        "Filter_Goods_Receipts": {
          "runAfter": {
            "Parse_History": [
              "Succeeded"
            ]
          },
          "metadata": {
            "operationMetadataId": "4d7a8e32-0801-4ee5-8bf3-e772a49e29da"
          },
          "type": "Query",
          "inputs": {
            "from": "@body('Parse_History')",
            "where": "@equals(item()?['Process'], 1)"
          }
        },
        "Filter_Parked_Invoices": {
          "runAfter": {
            "Filter_Goods_Receipts": [
              "Succeeded"
            ]
          },
          "metadata": {
            "operationMetadataId": "0a417d6f-39f6-4711-a985-f20877869a0d"
          },
          "type": "Query",
          "inputs": {
            "from": "@body('Parse_History')",
            "where": "@equals(item()?['Process'], 'P')"
          }
        },
        "Filter_Invoices": {
          "runAfter": {
            "Filter_Parked_Invoices": [
              "Succeeded"
            ]
          },
          "metadata": {
            "operationMetadataId": "0a417d6f-39f6-4711-a985-f20877869a0d"
          },
          "type": "Query",
          "inputs": {
            "from": "@body('Parse_History')",
            "where": "@equals(item()?['Process'], 2)"
          }
        },
        "If_Invoices_Exist,_Check_for_Payments": {
          "actions": {
            "Parse_Payments": {
              "runAfter": {
                "Read_Payments": [
                  "Succeeded"
                ]
              },
              "metadata": {
                "operationMetadataId": "6003c2e5-4622-4651-a22c-4f9c695bbac0"
              },
              "type": "Select",
              "inputs": {
                "from": "@outputs('Read_Payments')?['body/Rows']",
                "select": {
                  "Payment": "@int(trim(substring(item()?['WA'], 0, 10)))",
                  "Item": "@int(substring(item()?['WA'], 10, 5))"
                }
              }
            },
            "Assign_to_Payments_Variable": {
              "runAfter": {
                "Parse_Payments": [
                  "Succeeded"
                ]
              },
              "metadata": {
                "operationMetadataId": "98c7c3ef-5fc7-4231-b58f-0424e4e24b1d"
              },
              "type": "SetVariable",
              "inputs": {
                "name": "Payments",
                "value": "@body('Parse_Payments')"
              }
            },
            "Read_Payments": {
              "runAfter": {},
              "metadata": {
                "operationMetadataId": "944bcfac-cda4-4c42-ae5b-da33d1de8c82"
              },
              "type": "OpenApiConnection",
              "inputs": {
                "host": {
                  "connectionName": "shared_saperp",
                  "operationId": "ReadTableVersion3",
                  "apiId": "/providers/Microsoft.PowerApps/apis/shared_saperp"
                },
                "parameters": {
                  "x-ms-sap-system": "@parameters('SAP Development (sap_SAPDevelopment)')",
                  "inputParameters/tableName": "BSEG",
                  "inputParameters/FieldNames": [
                    "EBELP:Item Number of Purchasing Document",
                    "BELNR:Accounting Document Number"
                  ],
                  "inputParameters/RowCount": 9999,
                  "inputParameters/WhereFilters": [
                    "BSCHL IN ('86','89') AND EBELN = ''"
                  ]
                },
                "authentication": {
                  "type": "Raw",
                  "value": "@json(decodeBase64(triggerOutputs().headers['X-MS-APIM-Tokens']))['$ConnectionKey']"
                }
              }
            }
          },
          "runAfter": {
            "Filter_Invoices": [
              "Succeeded"
            ]
          },
          "expression": {
            "or": [
              {
                "greater": [
                  "@length(body('Filter_Invoices'))",
                  0
                ]
              },
              {
                "greater": [
                  "@length(body('Filter_Parked_Invoices'))",
                  0
                ]
              }
            ]
          },
          "metadata": {
            "operationMetadataId": "c74b328c-2fb0-4e70-adbe-c4cf6846e8fb"
          },
          "type": "If"
        },
        "Loop_Over_Text_Lines_and_Append_to_Header_Text": {
          "foreach": "@variables('POTEXTHEADER')",
          "actions": {
            "Append_to_string_variable": {
              "runAfter": {},
              "metadata": {
                "operationMetadataId": "c8822b49-188a-4724-9d72-6f67610d99c8"
              },
              "type": "AppendToStringVariable",
              "inputs": {
                "name": "HeaderText",
                "value": "@item()?['TEXT_LINE']"
              }
            }
          },
          "runAfter": {
            "If_Invoices_Exist,_Check_for_Payments": [
              "Succeeded"
            ]
          },
          "metadata": {
            "operationMetadataId": "d2eac89b-8910-4fc2-b64d-1d660e7934d3"
          },
          "type": "Foreach"
        },
        "Parse_Header": {
          "runAfter": {
            "Vendors_Name": [
              "Succeeded"
            ]
          },
          "metadata": {
            "operationMetadataId": "cfcbecd1-fd23-4b3b-b834-6357bfe1a2f8"
          },
          "type": "SetVariable",
          "inputs": {
            "name": "Header",
            "value": {
              "OrderType": "@outputs('PO_Detail')['body/POHEADER']['DOC_TYPE']",
              "PurchasingOrganization": "@outputs('PO_Detail')['body/POHEADER']['PURCH_ORG']",
              "PurchasingGroup": "@outputs('PO_Detail')['body/POHEADER']['PUR_GROUP']",
              "VendorName": "@outputs('Vendors_Name')['body/Rows'][0]['NAME1']",
              "Vendor": "@if(isInt(outputs('PO_Detail')['body/POHEADER']['VENDOR']), string(int(outputs('PO_Detail')['body/POHEADER']['VENDOR'])), outputs('PO_Detail')['body/POHEADER']['VENDOR'])",
              "Currency": "@outputs('PO_Detail')['body/POHEADER']['CURRENCY']",
              "HeaderText": "@variables('HeaderText')",
              "Released": "@if(equals(outputs('PO_Detail')['body/POHEADER']['PO_REL_IND'], 'B'), '', 'X')",
              "Approval": "@variables('Approval')",
              "ApprovedBy": "@variables('ApprovedBy')",
              "CreatedBy": "@outputs('PO_Detail')['body/POHEADER']['CREATED_BY']",
              "CreatedOn": "@outputs('PO_Detail')['body/POHEADER']['CREAT_DATE']"
            }
          }
        },
        "Response": {
          "runAfter": {
            "Parse_Header": [
              "Succeeded"
            ]
          },
          "metadata": {
            "operationMetadataId": "3acb6b71-7516-4f46-82a7-fe87c0f4120b"
          },
          "type": "Response",
          "kind": "Http",
          "inputs": {
            "statusCode": 200,
            "body": {
              "Order": "@variables('Order')",
              "Header": "@variables('Header')",
              "Items": "@body('Parse_Items')",
              "Invoices": "@body('Filter_Invoices')",
              "ParkedInvoices": "@body('Filter_Parked_Invoices')",
              "GoodsReceipts": "@body('Filter_Goods_Receipts')",
              "Payments": "@variables('Payments')"
            },
            "schema": {
              "type": "object",
              "properties": {
                "Order": {
                  "type": "string"
                },
                "Header": {
                  "type": "object",
                  "properties": {
                    "OrderType": {
                      "type": "string"
                    },
                    "PurchasingOrganization": {
                      "type": "string"
                    },
                    "Released": {
                      "type": "string"
                    },
                    "PurchasingGroup": {
                      "type": "string"
                    },
                    "VendorName": {
                      "type": "string"
                    },
                    "Vendor": {
                      "type": "string"
                    },
                    "Currency": {
                      "type": "string"
                    },
                    "HeaderText": {
                      "type": "string"
                    },
                    "CreatedOn": {
                      "type": "string"
                    },
                    "CreatedBy": {
                      "type": "string"
                    },
                    "ApprovedBy": {
                      "type": "string"
                    }
                  }
                },
                "Items": {
                  "type": "array",
                  "items": {
                    "type": "object",
                    "properties": {
                      "Item": {
                        "type": "integer"
                      },
                      "Material": {
                        "type": "string"
                      },
                      "Description": {
                        "type": "string"
                      },
                      "Plant": {
                        "type": "string"
                      },
                      "Quantity": {
                        "type": "string"
                      },
                      "Unit": {
                        "type": "string"
                      },
                      "UnitPrice": {
                        "type": "string"
                      },
                      "CrudType": {
                        "type": "string"
                      },
                      "AssignmentCategory": {
                        "type": "string"
                      },
                      "TotalPrice": {
                        "type": "string"
                      },
                      "Requisition": {
                        "type": "integer"
                      }
                    },
                    "required": [
                      "Item",
                      "Material",
                      "Description",
                      "Plant",
                      "Quantity",
                      "Unit",
                      "UnitPrice",
                      "CrudType",
                      "AssignmentCategory",
                      "TotalPrice",
                      "Requisition"
                    ]
                  }
                },
                "Invoices": {
                  "type": "array",
                  "items": {
                    "type": "object",
                    "properties": {
                      "Item": {
                        "type": "integer"
                      },
                      "Document": {
                        "type": "string"
                      },
                      "Quantity": {
                        "type": "string"
                      },
                      "Amount": {
                        "type": "string"
                      },
                      "Process": {
                        "type": "integer"
                      }
                    },
                    "required": [
                      "Item",
                      "Document",
                      "Process"
                    ]
                  }
                },
                "ParkedInvoices": {
                  "type": "array",
                  "items": {
                    "type": "object",
                    "properties": {
                      "Item": {
                        "type": "integer"
                      },
                      "Document": {
                        "type": "string"
                      },
                      "Quantity": {
                        "type": "string"
                      },
                      "Amount": {
                        "type": "string"
                      },
                      "Process": {
                        "type": "integer"
                      }
                    },
                    "required": [
                      "Item",
                      "Document",
                      "Process"
                    ]
                  }
                },
                "GoodsReceipts": {
                  "type": "array",
                  "items": {
                    "type": "object",
                    "properties": {
                      "Item": {
                        "type": "integer"
                      },
                      "Document": {
                        "type": "string"
                      },
                      "Quantity": {
                        "type": "string"
                      },
                      "Process": {
                        "type": "integer"
                      }
                    },
                    "required": [
                      "Item",
                      "Document",
                      "Process"
                    ]
                  }
                },
                "Payments": {
                  "type": "array",
                  "items": {
                    "type": "object",
                    "properties": {
                      "Payment": {
                        "type": "integer"
                      },
                      "Item": {
                        "type": "integer"
                      }
                    },
                    "required": [
                      "Payment",
                      "Item"
                    ]
                  }
                }
              }
            }
          }
        },
        "History": {
          "runAfter": {
            "Payments": [
              "Succeeded"
            ]
          },
          "metadata": {
            "operationMetadataId": "3ca9d172-3dad-4359-9b26-263658faca63"
          },
          "type": "InitializeVariable",
          "inputs": {
            "variables": [
              {
                "name": "History",
                "type": "array",
                "value": "@if(equals('',outputs('PO_Detail')?['body/POHISTORY']), json('[]'), outputs('PO_Detail')?['body/POHISTORY'])"
              }
            ]
          }
        },
        "POTEXTHEADER": {
          "runAfter": {
            "History": [
              "Succeeded"
            ]
          },
          "metadata": {
            "operationMetadataId": "3ca9d172-3dad-4359-9b26-263658faca63"
          },
          "type": "InitializeVariable",
          "inputs": {
            "variables": [
              {
                "name": "POTEXTHEADER",
                "type": "array",
                "value": "@if(equals('',outputs('PO_Detail')?['body/POTEXTHEADER']), json('[]'), outputs('PO_Detail')?['body/POTEXTHEADER'])"
              }
            ]
          }
        },
        "PO_Detail": {
          "runAfter": {
            "Order": [
              "Succeeded"
            ]
          },
          "metadata": {
            "operationMetadataId": "e4d0406a-5170-4e6c-9d3b-046950bca69c"
          },
          "type": "OpenApiConnection",
          "inputs": {
            "host": {
              "connectionName": "shared_saperp",
              "operationId": "CallRfcJson",
              "apiId": "/providers/Microsoft.PowerApps/apis/shared_saperp"
            },
            "parameters": {
              "x-ms-sap-system": "@parameters('SAP Development (sap_SAPDevelopment)')",
              "rfcName": "BAPI_PO_GETDETAIL1",
              "rfcGroupFilter": "*",
              "autoCommit": false,
              "rfcInputs/PURCHASEORDER": "@variables('Order')",
              "rfcInputs/ACCOUNT_ASSIGNMENT": "X",
              "rfcInputs/HEADER_TEXT": "X",
              "rfcInputs/ITEM_TEXT": "X"
            },
            "authentication": {
              "type": "Raw",
              "value": "@json(decodeBase64(triggerOutputs().headers['X-MS-APIM-Tokens']))['$ConnectionKey']"
            }
          }
        },
        "Check_Approval": {
          "runAfter": {
            "Header_Text": [
              "Succeeded"
            ]
          },
          "metadata": {
            "operationMetadataId": "5e652b46-e9eb-49e6-ba9d-cb4c7799685b"
          },
          "type": "OpenApiConnection",
          "inputs": {
            "host": {
              "connectionName": "shared_saperp",
              "operationId": "ReadTableVersion3",
              "apiId": "/providers/Microsoft.PowerApps/apis/shared_saperp"
            },
            "parameters": {
              "x-ms-sap-system": "@parameters('SAP Development (sap_SAPDevelopment)')",
              "inputParameters/tableName": "CDPOS",
              "inputParameters/FieldNames": [
                "CHANGENR:Change Number of Document"
              ],
              "inputParameters/RowCount": 10,
              "inputParameters/WhereFilters": [
                "OBJECTID = '@{triggerBody()['Order_Value']}'",
                "AND OBJECTCLAS = 'EINKBELEG'",
                "AND FNAME = 'FRGKE'"
              ]
            },
            "authentication": {
              "type": "Raw",
              "value": "@json(decodeBase64(triggerOutputs().headers['X-MS-APIM-Tokens']))['$ConnectionKey']"
            }
          }
        },
        "Vendors_Name": {
          "runAfter": {
            "Loop_Over_Text_Lines_and_Append_to_Header_Text": [
              "Succeeded"
            ]
          },
          "metadata": {
            "operationMetadataId": "583f59b9-91ab-4b81-9e48-70ad19aa9e69"
          },
          "type": "OpenApiConnection",
          "inputs": {
            "host": {
              "connectionName": "shared_saperp",
              "operationId": "ReadTableVersion3",
              "apiId": "/providers/Microsoft.PowerApps/apis/shared_saperp"
            },
            "parameters": {
              "x-ms-sap-system": "@parameters('SAP Development (sap_SAPDevelopment)')",
              "inputParameters/tableName": "LFA1",
              "inputParameters/FieldNames": [
                "NAME1:Name 1"
              ],
              "inputParameters/WhereFilters": [
                "LIFNR = '@{outputs('PO_Detail')?['body/POHEADER/VENDOR']}'"
              ]
            },
            "authentication": {
              "type": "Raw",
              "value": "@json(decodeBase64(triggerOutputs().headers['X-MS-APIM-Tokens']))['$ConnectionKey']"
            }
          }
        }
      }
    },
    "templateName": ""
  },
  "schemaVersion": "1.0.0.0"
}