{
  "properties": {
    "connectionReferences": {
      "shared_saperppreview": {
        "runtimeSource": "invoker",
        "connection": {
          "connectionReferenceLogicalName": "sap_sharedsaperppreview_a2c25"
        },
        "api": {
          "name": "shared_saperppreview"
        }
      }
    },
    "definition": {
      "$schema": "https://schema.management.azure.com/providers/Microsoft.Logic/schemas/2016-06-01/workflowdefinition.json#",
      "contentVersion": "1.0.0.0",
      "parameters": {
        "$connections": {
          "defaultValue": {},
          "type": "Object"
        },
        "$authentication": {
          "defaultValue": {},
          "type": "SecureObject"
        },
        "SAP Development (sap_SAPDevelopment)": {
          "defaultValue": "{\"AppServerHost\":\"sap.clearsoftware.com\",\"Client\":\"100\",\"SystemNumber\":\"00\",\"LogonType\":\"ApplicationServer\"}",
          "type": "String",
          "metadata": {
            "schemaName": "sap_SAPDevelopment"
          }
        }
      },
      "triggers": {
        "manual": {
          "metadata": {
            "operationMetadataId": "6c226802-e0b4-4989-b123-c689cf236179"
          },
          "type": "Request",
          "kind": "PowerApp",
          "inputs": {
            "schema": {
              "type": "object",
              "properties": {
                "ParseJSON_Content": {
                  "type": "any",
                  "x-ms-powerflows-param-ispartial": false
                }
              },
              "required": [
                "ParseJSON_Content"
              ]
            }
          }
        }
      },
      "actions": {
        "Create_SalesItemsIn_Array": {
          "runAfter": {
            "Items": [
              "Succeeded"
            ]
          },
          "metadata": {
            "operationMetadataId": "67b60224-0f7c-4338-b520-808a2181795b"
          },
          "type": "Select",
          "inputs": {
            "from": "@body('Items')",
            "select": {
              "ITM_NUMBER": "@formatNumber(int(item()?['Item']), 'D6')",
              "MATERIAL": "@item()?['Material']",
              "SHORT_TEXT": "@item()?['Description']",
              "TARGET_QTY": "@item()?['Quantity']",
              "TARGET_QU": "@item()?['Unit']",
              "PLANT": "@item()?['Plant']"
            }
          }
        },
        "Create_SalesItemsInX_Array": {
          "runAfter": {
            "Create_SalesItemsIn_Array": [
              "Succeeded"
            ]
          },
          "metadata": {
            "operationMetadataId": "7fc5c57e-dd3d-4efb-980a-16a4f735bae0"
          },
          "type": "Select",
          "inputs": {
            "from": "@body('Items')",
            "select": {
              "ITM_NUMBER": "@formatNumber(int(item()?['Item']), 'D6')",
              "MATERIAL": "X",
              "SHORT_TEXT": "X",
              "TARGET_QTY": "X",
              "TARGET_QU": "X",
              "PLANT": "X",
              "UPDATEFLAG": "@item()?['CrudType']"
            }
          }
        },
        "Create_SalesScheduleIn_Array": {
          "runAfter": {
            "Create_SalesItemsInX_Array": [
              "Succeeded"
            ]
          },
          "metadata": {
            "operationMetadataId": "08468f56-72eb-4840-802f-dd43d389f78b"
          },
          "type": "Select",
          "inputs": {
            "from": "@body('Items')",
            "select": {
              "ITM_NUMBER": "@formatNumber(int(item()?['Item']), 'D6')",
              "SCHED_LINE": "0001",
              "REQ_QTY": "@item()?['Quantity']"
            }
          }
        },
        "Create_SalesScheduleInX_Array": {
          "runAfter": {
            "Create_SalesScheduleIn_Array": [
              "Succeeded"
            ]
          },
          "metadata": {
            "operationMetadataId": "fdc39c15-2648-4240-842c-480fd2b1b868"
          },
          "type": "Select",
          "inputs": {
            "from": "@body('Items')",
            "select": {
              "ITM_NUMBER": "@formatNumber(int(item()?['Item']), 'D6')",
              "SCHED_LINE": "0001",
              "REQ_QTY": "X",
              "UPDATEFLAG": "@item()?['CrudType']"
            }
          }
        },
        "Filter_Messages_for_Errors": {
          "runAfter": {
            "SD_SALESDOCUMENT_CHANGE": [
              "Succeeded"
            ]
          },
          "metadata": {
            "operationMetadataId": "314738ec-9d05-4ae3-b089-64259885fb43"
          },
          "type": "Query",
          "inputs": {
            "from": "@outputs('SD_SALESDOCUMENT_CHANGE')?['body/RETURN']",
            "where": "@equals(item()?['TYPE'], 'E')"
          }
        },
        "Success_Check": {
          "actions": {
            "Success_Response": {
              "runAfter": {},
              "metadata": {
                "operationMetadataId": "88ce5aac-9ebe-41ab-87a6-dea14c80f06e"
              },
              "type": "Response",
              "kind": "Http",
              "inputs": {
                "statusCode": 200,
                "body": {
                  "Status": "Success",
                  "Order": "@int(variables('Header')?['Order'])",
                  "Messages": [
                    {
                      "Message": "Sales order @{int(variables('Header')?['Order'])} was successfully updated."
                    }
                  ]
                },
                "schema": {
                  "type": "object",
                  "properties": {
                    "Status": {
                      "type": "string"
                    },
                    "Order": {
                      "type": "integer"
                    },
                    "Messages": {
                      "type": "array",
                      "items": {
                        "type": "object",
                        "properties": {
                          "Message": {
                            "type": "string"
                          }
                        },
                        "required": [
                          "Message"
                        ]
                      }
                    }
                  }
                }
              }
            }
          },
          "runAfter": {
            "Filter_Messages_for_Errors": [
              "Succeeded"
            ]
          },
          "else": {
            "actions": {
              "Clean_Up_Error_Messages": {
                "runAfter": {},
                "metadata": {
                  "operationMetadataId": "3ac4404f-21c4-4bae-bac7-2525e23d910f"
                },
                "type": "Select",
                "inputs": {
                  "from": "@body('Filter_Messages_for_Errors')",
                  "select": {
                    "Message": "@item()?['MESSAGE']"
                  }
                }
              },
              "Failure_Response": {
                "runAfter": {
                  "Clean_Up_Error_Messages": [
                    "Succeeded"
                  ]
                },
                "metadata": {
                  "operationMetadataId": "0364356b-c5f6-40d1-89d8-d1e42b0df753"
                },
                "type": "Response",
                "kind": "Http",
                "inputs": {
                  "statusCode": 200,
                  "body": {
                    "Status": "Failure",
                    "Order": "@int(variables('Header')?['Order'])",
                    "Messages": "@body('Clean_Up_Error_Messages')"
                  },
                  "schema": {
                    "type": "object",
                    "properties": {
                      "Status": {
                        "type": "string"
                      },
                      "Order": {
                        "type": "integer"
                      },
                      "Messages": {
                        "type": "array",
                        "items": {
                          "type": "object",
                          "properties": {
                            "Message": {
                              "type": "string"
                            }
                          },
                          "required": [
                            "Message"
                          ]
                        }
                      }
                    }
                  }
                }
              }
            }
          },
          "expression": {
            "equals": [
              "@length(outputs('Filter_Messages_for_Errors')?['body'])",
              0
            ]
          },
          "metadata": {
            "operationMetadataId": "e9efd70f-e739-4ab6-ad9b-90b1e544b087"
          },
          "type": "If"
        },
        "Parse_JSON": {
          "runAfter": {},
          "metadata": {
            "operationMetadataId": "12f0f586-4295-4bdd-8329-522cf48feb2c"
          },
          "type": "ParseJson",
          "inputs": {
            "content": "@triggerBody()['ParseJSON_Content']",
            "schema": {
              "type": "object",
              "properties": {
                "Items": {
                  "type": "array",
                  "items": {
                    "type": "object",
                    "properties": {
                      "Plant": {
                        "type": "string"
                      },
                      "Material": {
                        "type": "string"
                      },
                      "Quantity": {
                        "type": "integer"
                      },
                      "Item": {
                        "type": "integer"
                      },
                      "Unit": {
                        "type": "string"
                      },
                      "CrudType": {
                        "type": "string"
                      },
                      "Description": {
                        "type": "string"
                      }
                    },
                    "required": [
                      "CrudType",
                      "Item",
                      "Material",
                      "Plant",
                      "Quantity",
                      "Unit"
                    ]
                  }
                },
                "Header": {
                  "type": "array",
                  "items": {
                    "type": "object",
                    "properties": {
                      "Customer": {
                        "type": "string"
                      },
                      "CustomerPO": {
                        "type": "string"
                      },
                      "DeliveryBlock": {
                        "type": "string"
                      },
                      "DeliveryDate": {
                        "type": "string"
                      },
                      "HeaderText": {
                        "type": "string"
                      },
                      "Order": {
                        "type": "string"
                      },
                      "OrderType": {
                        "type": "string"
                      },
                      "SalesOrganization": {
                        "type": "string"
                      },
                      "ShipTo": {
                        "type": "string"
                      }
                    },
                    "required": [
                      "Customer",
                      "CustomerPO",
                      "DeliveryDate",
                      "HeaderText",
                      "Order",
                      "OrderType",
                      "SalesOrganization",
                      "ShipTo"
                    ]
                  }
                }
              }
            }
          }
        },
        "Header": {
          "runAfter": {
            "Parse_JSON": [
              "Succeeded"
            ]
          },
          "metadata": {
            "operationMetadataId": "9ff541ac-a4ab-42ac-9bf7-e16613baffb2"
          },
          "type": "InitializeVariable",
          "inputs": {
            "variables": [
              {
                "name": "Header",
                "type": "object",
                "value": "@body('Parse_JSON')?['Header'][0]"
              }
            ]
          }
        },
        "All_Items": {
          "runAfter": {
            "Header": [
              "Succeeded"
            ]
          },
          "metadata": {
            "operationMetadataId": "ef67d094-fd3b-4c59-9ad2-25d35c9342f7"
          },
          "type": "InitializeVariable",
          "inputs": {
            "variables": [
              {
                "name": "All_Items",
                "type": "array",
                "value": "@body('Parse_JSON')?['Items']"
              }
            ]
          }
        },
        "Items": {
          "runAfter": {
            "All_Items": [
              "Succeeded"
            ]
          },
          "metadata": {
            "operationMetadataId": "14b4abac-495b-4e65-bb8d-46404366866e"
          },
          "type": "Query",
          "inputs": {
            "from": "@variables('All_Items')",
            "where": "@not(equals(item()?['CrudType'], 'R'))"
          }
        },
        "SD_SALESDOCUMENT_CHANGE": {
          "runAfter": {
            "Create_SalesScheduleInX_Array": [
              "Succeeded"
            ]
          },
          "metadata": {
            "operationMetadataId": "0fdd2624-c8c4-4ace-8b36-783ce9e91351"
          },
          "type": "OpenApiConnection",
          "inputs": {
            "host": {
              "connectionName": "shared_saperppreview",
              "operationId": "CallRfcJson",
              "apiId": "/providers/Microsoft.PowerApps/apis/shared_saperppreview"
            },
            "parameters": {
              "x-ms-sap-system": "@parameters('SAP Development (sap_SAPDevelopment)')",
              "rfcName": "SD_SALESDOCUMENT_CHANGE",
              "rfcGroupFilter": "*:All RFC groups",
              "autoCommit": true,
              "rfcInputs": {
                "SALESDOCUMENT": "@formatNumber(int(variables('Header')?['Order']), 'D10')",
                "LOGIC_SWITCH": {
                  "SCHEDULING": "X"
                },
                "ORDER_HEADER_IN": {
                  "REQ_DATE_H": "@formatDateTime(parseDateTime(string(variables('Header')?['DeliveryDate']), 'en-US', 'yyyy-MM-dd'), 'yyyy-MM-dd')",
                  "DIVISION": "SW"
                },
                "ORDER_HEADER_INX": {
                  "REQ_DATE_H": "X",
                  "UPDATEFLAG": "U"
                },
                "PARTNERS": [
                  {
                    "PARTN_ROLE": "AG",
                    "PARTN_NUMB": "@formatNumber(int(variables('Header')?['Customer']), 'D10')"
                  },
                  {
                    "PARTN_ROLE": "WE",
                    "PARTN_NUMB": "@formatNumber(int(variables('Header')?['ShipTo']), 'D10')"
                  }
                ],
                "ITEM_IN": "@body('Create_SalesItemsIn_Array')",
                "ITEM_INX": "@body('Create_SalesItemsInX_Array')",
                "SCHEDULE_IN": "@body('Create_SalesScheduleIn_Array')",
                "SCHEDULE_INX": "@body('Create_SalesScheduleInX_Array')"
              }
            },
            "authentication": {
              "type": "Raw",
              "value": "@json(decodeBase64(triggerOutputs().headers['X-MS-APIM-Tokens']))['$ConnectionKey']"
            }
          }
        }
      }
    }
  },
  "schemaVersion": "1.0.0.0"
}