{
  "properties": {
    "connectionReferences": {
      "shared_commondataserviceforapps_1": {
        "runtimeSource": "embedded",
        "connection": {
          "connectionReferenceLogicalName": "mpa_SAPDataverse"
        },
        "api": {
          "name": "shared_commondataserviceforapps"
        }
      },
      "shared_saperp_1": {
        "runtimeSource": "embedded",
        "connection": {
          "connectionReferenceLogicalName": "mpa_SAPERP"
        },
        "api": {
          "name": "shared_saperp"
        }
      },
      "shared_office365": {
        "runtimeSource": "embedded",
        "connection": {
          "connectionReferenceLogicalName": "mpa_SAPOffice365Outlook"
        },
        "api": {
          "name": "shared_office365"
        }
      },
      "shared_office365users": {
        "runtimeSource": "embedded",
        "connection": {
          "connectionReferenceLogicalName": "mpa_sharedoffice365users_30382"
        },
        "api": {
          "name": "shared_office365users"
        }
      }
    },
    "definition": {
      "$schema": "https://schema.management.azure.com/providers/Microsoft.Logic/schemas/2016-06-01/workflowdefinition.json#",
      "contentVersion": "1.0.0.0",
      "parameters": {
        "$connections": {
          "defaultValue": {},
          "type": "Object"
        },
        "$authentication": {
          "defaultValue": {},
          "type": "SecureObject"
        },
        "SAP Application Server (mpa_SAPApplicationServer)": {
          "defaultValue": "{\"AppServerHost\":\"10.0.1.203\",\"Client\":\"800\",\"SystemNumber\":\"00\",\"LogonType\":\"ApplicationServer\"}",
          "type": "String",
          "metadata": {
            "schemaName": "mpa_SAPApplicationServer",
            "description": "JSON string that contains system parameters, host, system number, client, etc."
          }
        }
      },
      "triggers": {
        "When_a_row_is_added,_modified_or_deleted": {
          "metadata": {
            "operationMetadataId": "79718f5b-43b5-4ffa-8ae4-492f720265aa"
          },
          "type": "OpenApiConnectionWebhook",
          "inputs": {
            "host": {
              "connectionName": "shared_commondataserviceforapps_1",
              "operationId": "SubscribeWebhookTrigger",
              "apiId": "/providers/Microsoft.PowerApps/apis/shared_commondataserviceforapps"
            },
            "parameters": {
              "subscriptionRequest/message": 3,
              "subscriptionRequest/entityname": "mpa_sapmassupdate",
              "subscriptionRequest/scope": 4,
              "subscriptionRequest/filterexpression": "mpa_flow eq 'CreateJournalEntryBDC' and mpa_sapstatus eq 'Submitted'"
            },
            "authentication": "@parameters('$authentication')"
          },
          "runtimeConfiguration": {
            "concurrency": {
              "runs": 100
            }
          }
        }
      },
      "actions": {
        "Initialize_User": {
          "runAfter": {
            "Initialize_SAPErrorMessage": [
              "Succeeded"
            ]
          },
          "metadata": {
            "operationMetadataId": "6a719e88-e52c-419c-a627-fde77988c5c1"
          },
          "type": "InitializeVariable",
          "inputs": {
            "variables": [
              {
                "name": "User",
                "type": "string"
              }
            ]
          }
        },
        "Initialize_SAPErrorMessage": {
          "runAfter": {
            "If_Payload_Contains_Header,_Then_Go_Single_Entry": [
              "Succeeded"
            ]
          },
          "metadata": {
            "operationMetadataId": "6a6087f9-b1aa-4966-9ea5-0f695d638f87"
          },
          "type": "InitializeVariable",
          "inputs": {
            "variables": [
              {
                "name": "SAPErrorMessage",
                "type": "string"
              }
            ]
          }
        },
        "Try": {
          "actions": {
            "Success_Check": {
              "actions": {
                "Update_Record_with_Success_Message": {
                  "runAfter": {},
                  "metadata": {
                    "operationMetadataId": "f782fad2-b4ba-43a8-b378-70af0fb8aed6"
                  },
                  "type": "OpenApiConnection",
                  "inputs": {
                    "host": {
                      "connectionName": "shared_commondataserviceforapps_1",
                      "operationId": "UpdateOnlyRecord",
                      "apiId": "/providers/Microsoft.PowerApps/apis/shared_commondataserviceforapps"
                    },
                    "parameters": {
                      "entityName": "mpa_sapmassupdates",
                      "recordId": "@triggerOutputs()?['body/mpa_sapmassupdateid']",
                      "item/mpa_sapmessage": "Document posted successfully.",
                      "item/mpa_sapidoc": "@variables('Messages')[0]['MSGV1']",
                      "item/mpa_sapstatus": "Posted"
                    },
                    "authentication": "@parameters('$authentication')"
                  }
                }
              },
              "runAfter": {
                "Filter_Messages_for_Errors": [
                  "Succeeded"
                ]
              },
              "else": {
                "actions": {
                  "Update_Record_with_Error_Message": {
                    "runAfter": {
                      "BAPI_MESSAGE_GETDETAIL": [
                        "Succeeded"
                      ]
                    },
                    "metadata": {
                      "operationMetadataId": "8fe4b72e-7418-440d-ae53-cdddc41f0534"
                    },
                    "type": "OpenApiConnection",
                    "inputs": {
                      "host": {
                        "connectionName": "shared_commondataserviceforapps_1",
                        "operationId": "UpdateOnlyRecord",
                        "apiId": "/providers/Microsoft.PowerApps/apis/shared_commondataserviceforapps"
                      },
                      "parameters": {
                        "entityName": "mpa_sapmassupdates",
                        "recordId": "@triggerOutputs()?['body/mpa_sapmassupdateid']",
                        "item/mpa_sapmessage": "@outputs('BAPI_MESSAGE_GETDETAIL')?['body/MESSAGE']",
                        "item/mpa_sapstatus": "Failed"
                      },
                      "authentication": "@parameters('$authentication')"
                    }
                  },
                  "BAPI_MESSAGE_GETDETAIL": {
                    "runAfter": {},
                    "metadata": {
                      "operationMetadataId": "130a9aa1-fa59-4334-8124-d22925c540c9"
                    },
                    "type": "OpenApiConnection",
                    "inputs": {
                      "host": {
                        "connectionName": "shared_saperp_1",
                        "operationId": "CallRfcJson",
                        "apiId": "/providers/Microsoft.PowerApps/apis/shared_saperp"
                      },
                      "parameters": {
                        "x-ms-sap-system": "@parameters('SAP Application Server (mpa_SAPApplicationServer)')",
                        "rfcName": "BAPI_MESSAGE_GETDETAIL:Read long text of error message:BATG",
                        "rfcGroupFilter": "*",
                        "autoCommit": false,
                        "rfcInputs/ID": "@body('Filter_Messages_for_Errors')[0]['MSGID']",
                        "rfcInputs/NUMBER": "@body('Filter_Messages_for_Errors')[0]['MSGNR']",
                        "rfcInputs/TEXTFORMAT": "*",
                        "rfcInputs/MESSAGE_V1": "@body('Filter_Messages_for_Errors')[0]['MSGV1']",
                        "rfcInputs/MESSAGE_V2": "@body('Filter_Messages_for_Errors')[0]['MSGV2']",
                        "rfcInputs/MESSAGE_V3": "@body('Filter_Messages_for_Errors')[0]['MSGV3']",
                        "rfcInputs/MESSAGE_V4": "@body('Filter_Messages_for_Errors')[0]['MSGV4']"
                      },
                      "authentication": "@parameters('$authentication')"
                    }
                  }
                }
              },
              "expression": {
                "equals": [
                  "@length(outputs('Filter_Messages_for_Errors')?['body'])",
                  0
                ]
              },
              "metadata": {
                "operationMetadataId": "e9efd70f-e739-4ab6-ad9b-90b1e544b087"
              },
              "type": "If"
            },
            "RFC_CALL_TRANSACTION_USING": {
              "runAfter": {},
              "metadata": {
                "operationMetadataId": "6375d28f-4e9d-4bb7-9a1a-3fcf40a05fb4"
              },
              "type": "OpenApiConnection",
              "inputs": {
                "host": {
                  "connectionName": "shared_saperp_1",
                  "operationId": "CallRfcJson",
                  "apiId": "/providers/Microsoft.PowerApps/apis/shared_saperp"
                },
                "parameters": {
                  "x-ms-sap-system": "@parameters('SAP Application Server (mpa_SAPApplicationServer)')",
                  "rfcName": "RFC_CALL_TRANSACTION_USING",
                  "rfcGroupFilter": "*",
                  "autoCommit": true,
                  "rfcInputs/MODE": "N",
                  "rfcInputs/TCODE": "FB01",
                  "rfcInputs/BT_DATA": "@variables('BT_DATA')"
                },
                "authentication": "@parameters('$authentication')"
              }
            },
            "Filter_Messages_for_Errors": {
              "runAfter": {
                "Collect_Messages": [
                  "Succeeded"
                ]
              },
              "metadata": {
                "operationMetadataId": "314738ec-9d05-4ae3-b089-64259885fb43"
              },
              "type": "Query",
              "inputs": {
                "from": "@variables('Messages')",
                "where": "@equals(item()?['MSGTYP'], 'E')"
              }
            },
            "Collect_Messages": {
              "runAfter": {
                "Set_SAPErrorMessage": [
                  "Skipped"
                ]
              },
              "metadata": {
                "operationMetadataId": "690cfcc5-f4dd-4381-b2d8-ec3bb863020e"
              },
              "type": "SetVariable",
              "inputs": {
                "name": "Messages",
                "value": "@if(equals('',outputs('RFC_CALL_TRANSACTION_USING')?['body/L_ERRORS']), json('[]'), outputs('RFC_CALL_TRANSACTION_USING')?['body/L_ERRORS'])"
              }
            },
            "Set_SAPErrorMessage": {
              "runAfter": {
                "RFC_CALL_TRANSACTION_USING": [
                  "TimedOut",
                  "Failed"
                ]
              },
              "metadata": {
                "operationMetadataId": "8a70d4b9-a001-4eef-9471-3ac46453ca9f"
              },
              "type": "SetVariable",
              "inputs": {
                "name": "SAPErrorMessage",
                "value": "@{body('RFC_CALL_TRANSACTION_USING')['error']['message']}"
              }
            }
          },
          "runAfter": {
            "Append_Click_Enter_Key_2_to_BT_DATA": [
              "Succeeded"
            ]
          },
          "metadata": {
            "operationMetadataId": "e5876f39-c44e-405d-9990-99ac1c4edb58"
          },
          "type": "Scope"
        },
        "Catch": {
          "actions": {
            "Filter_array": {
              "runAfter": {},
              "metadata": {
                "operationMetadataId": "e4ff6915-74dd-4ad8-aeb5-69689f7cd846"
              },
              "type": "Query",
              "inputs": {
                "from": "@result('Try')",
                "where": "@or(equals(item()?['Status'], 'Failed'), equals(item()?['Status'], 'TimedOut'))"
              }
            },
            "ErrorTable": {
              "runAfter": {
                "Filter_array": [
                  "Succeeded"
                ]
              },
              "metadata": {
                "operationMetadataId": "a4543bb1-084d-4bd9-865a-d59ec8caa8fc"
              },
              "type": "Table",
              "inputs": {
                "from": "@body('Filter_array')",
                "format": "HTML",
                "columns": [
                  {
                    "header": "Step",
                    "value": "@item()?['name']"
                  },
                  {
                    "header": "Status",
                    "value": "@item()?['Status']"
                  },
                  {
                    "header": "Code",
                    "value": "@item()?['code']"
                  },
                  {
                    "header": "InnerErrorMessage",
                    "value": "@{item()?['outputs']?['body']?['error']?['innerError']?['error']?['message']}@{item()?['error']?['message']}@{variables('SAPErrorMessage')}"
                  },
                  {
                    "header": "Input",
                    "value": "@triggerBody()"
                  }
                ]
              }
            },
            "ErrorReturn": {
              "runAfter": {
                "ErrorTable": [
                  "Succeeded"
                ]
              },
              "metadata": {
                "operationMetadataId": "6ea00725-e758-40bb-9cc7-b69d0a65d01b"
              },
              "type": "Select",
              "inputs": {
                "from": "@body('Filter_array')",
                "select": {
                  "Step": "@item()?['name']",
                  "Status": "@item()?['Status']",
                  "Code": "@item()?['code']",
                  "InnerErrorMessage": "@{item()?['outputs']?['body']?['error']?['innerError']?['error']?['message']} @{item()?['error']?['message']} @{variables('SAPErrorMessage')}",
                  "Input": "@triggerBody()",
                  "FlowName": "@workflow()?['tags']['flowDisplayName']",
                  "URL": "@concat('https://flow.microsoft.com/manage/environments/', workflow()?['tags']['environmentName'], '/flows/', workflow()?['name'], '/runs/', workflow()?['run']['name'])"
                }
              }
            },
            "Create_Integration_Log_Error": {
              "runAfter": {
                "ErrorReturn": [
                  "Succeeded"
                ]
              },
              "metadata": {
                "operationMetadataId": "65c53a8f-bba5-4aee-a2c2-1bbea7395180"
              },
              "type": "OpenApiConnection",
              "inputs": {
                "host": {
                  "connectionName": "shared_commondataserviceforapps_1",
                  "operationId": "CreateRecord",
                  "apiId": "/providers/Microsoft.PowerApps/apis/shared_commondataserviceforapps"
                },
                "parameters": {
                  "entityName": "mpa_saperrors",
                  "item/mpa_name": "@outputs('ErrorReturn')?['body'][0]['FlowName']",
                  "item/mpa_action": "@outputs('ErrorReturn')?['body'][0]['Step']",
                  "item/mpa_errormessage": "@outputs('ErrorReturn')?['body'][0]['InnerErrorMessage']",
                  "item/mpa_sourcetype": 865420000,
                  "item/mpa_workflowinstanceurl": "@outputs('ErrorReturn')?['body'][0]['URL']",
                  "item/mpa_workflowstatus": "@If(equals(item()?['Status'], 'Failed'), '865420001', '865420000')"
                },
                "authentication": "@parameters('$authentication')",
                "retryPolicy": {
                  "type": "none"
                }
              }
            },
            "Terminate": {
              "runAfter": {
                "Update_Record_with_Error_Message_2": [
                  "Succeeded"
                ]
              },
              "metadata": {
                "operationMetadataId": "e5ce7ffa-9303-40c5-b594-4dbbdcb8ee36"
              },
              "type": "Terminate",
              "inputs": {
                "runStatus": "Failed"
              }
            },
            "Update_Record_with_Error_Message_2": {
              "runAfter": {
                "Create_Integration_Log_Error": [
                  "Succeeded"
                ]
              },
              "metadata": {
                "operationMetadataId": "c029e0e0-735e-4788-af1d-d2aead1ad9df"
              },
              "type": "OpenApiConnection",
              "inputs": {
                "host": {
                  "connectionName": "shared_commondataserviceforapps_1",
                  "operationId": "UpdateOnlyRecord",
                  "apiId": "/providers/Microsoft.PowerApps/apis/shared_commondataserviceforapps"
                },
                "parameters": {
                  "entityName": "mpa_sapmassupdates",
                  "recordId": "@triggerOutputs()?['body/mpa_sapmassupdateid']",
                  "item/mpa_sapmessage": "@outputs('Create_Integration_Log_Error')?['body/mpa_errormessage']",
                  "item/mpa_sapstatus": "Failed"
                },
                "authentication": "@parameters('$authentication')"
              }
            }
          },
          "runAfter": {
            "Try": [
              "Failed",
              "TimedOut"
            ]
          },
          "metadata": {
            "operationMetadataId": "acddc208-94dd-4daf-9177-fa386ba1baec"
          },
          "type": "Scope"
        },
        "Check_if_Batch_is_Done": {
          "runAfter": {
            "Catch": [
              "Skipped"
            ]
          },
          "metadata": {
            "operationMetadataId": "13439fc6-35d5-41e1-afe8-3ebb6e885e3a"
          },
          "type": "OpenApiConnection",
          "inputs": {
            "host": {
              "connectionName": "shared_commondataserviceforapps_1",
              "operationId": "ListRecords",
              "apiId": "/providers/Microsoft.PowerApps/apis/shared_commondataserviceforapps"
            },
            "parameters": {
              "entityName": "mpa_sapmassupdates",
              "$filter": "(mpa_batch eq '@{triggerOutputs()?['body/mpa_batch']}') and (mpa_sapstatus eq 'Submitted')"
            },
            "authentication": "@parameters('$authentication')"
          }
        },
        "If_All_Rows_Have_Been_Processed": {
          "actions": {
            "Successful_Records": {
              "runAfter": {},
              "metadata": {
                "operationMetadataId": "d93860ce-01f1-4b9f-8af7-1740fcdfd170"
              },
              "type": "OpenApiConnection",
              "inputs": {
                "host": {
                  "connectionName": "shared_commondataserviceforapps_1",
                  "operationId": "ListRecords",
                  "apiId": "/providers/Microsoft.PowerApps/apis/shared_commondataserviceforapps"
                },
                "parameters": {
                  "entityName": "mpa_sapmassupdates",
                  "$filter": "(mpa_batch eq '@{triggerOutputs()?['body/mpa_batch']}') and (mpa_sapstatus eq 'Posted')"
                },
                "authentication": "@parameters('$authentication')"
              }
            },
            "Send_an_email_(V2)": {
              "runAfter": {
                "Get_user_profile_(V2)": [
                  "Succeeded"
                ]
              },
              "metadata": {
                "operationMetadataId": "e7ea655f-b170-441a-be8b-8075e238c3fa"
              },
              "type": "OpenApiConnection",
              "inputs": {
                "host": {
                  "connectionName": "shared_office365",
                  "operationId": "SendEmailV2",
                  "apiId": "/providers/Microsoft.PowerApps/apis/shared_office365"
                },
                "parameters": {
                  "emailMessage/To": "@outputs('Get_user_profile_(V2)')?['body/mail']",
                  "emailMessage/Subject": "SAP Mass Update Has Finished for @{triggerOutputs()?['body/mpa_batch']}",
                  "emailMessage/Body": "<p>The batch has finished with the following results:</p>\n<ul>\n  <li>Successful Records -&nbsp;@{length(outputs('Successful_Records')?['body']['value'])}</li>\n  <li>Failed Records - @{length(outputs('Failed_Records')?['body']['value'])}</li>\n</ul>\n<p>Check the logs in Dataverse for more details.</p>",
                  "emailMessage/Importance": "Normal"
                },
                "authentication": "@parameters('$authentication')"
              }
            },
            "Failed_Records": {
              "runAfter": {
                "Successful_Records": [
                  "Succeeded"
                ]
              },
              "metadata": {
                "operationMetadataId": "a4e39c41-c20c-4daa-bbb9-d1e96ba4e193"
              },
              "type": "OpenApiConnection",
              "inputs": {
                "host": {
                  "connectionName": "shared_commondataserviceforapps_1",
                  "operationId": "ListRecords",
                  "apiId": "/providers/Microsoft.PowerApps/apis/shared_commondataserviceforapps"
                },
                "parameters": {
                  "entityName": "mpa_sapmassupdates",
                  "$filter": "(mpa_batch eq '@{triggerOutputs()?['body/mpa_batch']}') and (mpa_sapstatus eq 'Failed')"
                },
                "authentication": "@parameters('$authentication')"
              }
            },
            "Get_user_profile_(V2)": {
              "runAfter": {
                "Failed_Records": [
                  "Succeeded"
                ]
              },
              "metadata": {
                "operationMetadataId": "068d7703-04b8-4b39-b484-7a87825ff05e"
              },
              "type": "OpenApiConnection",
              "inputs": {
                "host": {
                  "connectionName": "shared_office365users",
                  "operationId": "UserProfile_V2",
                  "apiId": "/providers/Microsoft.PowerApps/apis/shared_office365users"
                },
                "parameters": {
                  "id": "@triggerOutputs()['headers']['x-ms-user-id']"
                },
                "authentication": "@parameters('$authentication')"
              }
            }
          },
          "runAfter": {
            "Check_if_Batch_is_Done": [
              "Succeeded"
            ]
          },
          "expression": {
            "equals": [
              "@length(outputs('Check_if_Batch_is_Done')?['body']['value'])",
              0
            ]
          },
          "metadata": {
            "operationMetadataId": "2a487e07-3fdf-4d74-bfb5-9ab3c0dea48e"
          },
          "type": "If"
        },
        "Initialize_Header": {
          "runAfter": {},
          "metadata": {
            "operationMetadataId": "4e1c0d2a-f189-472b-9ad7-67d151f05a7b"
          },
          "type": "InitializeVariable",
          "inputs": {
            "variables": [
              {
                "name": "Header",
                "type": "object",
                "value": {}
              }
            ]
          }
        },
        "Initialize_Items": {
          "runAfter": {
            "Initialize_Header": [
              "Succeeded"
            ]
          },
          "metadata": {
            "operationMetadataId": "ce9a6c9a-9220-4c60-a6be-ae76ba65ee0b"
          },
          "type": "InitializeVariable",
          "inputs": {
            "variables": [
              {
                "name": "Items",
                "type": "array",
                "value": []
              }
            ]
          }
        },
        "If_Payload_Contains_Header,_Then_Go_Single_Entry": {
          "actions": {
            "Parse_JSON_for_Single_Entry": {
              "runAfter": {},
              "metadata": {
                "operationMetadataId": "12f0f586-4295-4bdd-8329-522cf48feb2c"
              },
              "type": "ParseJson",
              "inputs": {
                "content": "@triggerOutputs()?['body/mpa_payload']",
                "schema": {
                  "type": "object",
                  "properties": {
                    "Header": {
                      "type": "object",
                      "properties": {
                        "DocumentType": {
                          "type": "string"
                        },
                        "CompanyCode": {
                          "type": "string"
                        },
                        "DocumentDate": {
                          "type": "string"
                        },
                        "PostingDate": {
                          "type": "string"
                        },
                        "Currency": {
                          "type": "string"
                        },
                        "DocHeaderText": {
                          "type": "string"
                        },
                        "Reference": {
                          "type": "string"
                        }
                      }
                    },
                    "Items": {
                      "type": "array",
                      "items": {
                        "type": "object",
                        "properties": {
                          "Item": {
                            "type": "string"
                          },
                          "GlAccount": {
                            "type": "string"
                          },
                          "CompanyCode": {
                            "type": "string"
                          },
                          "Amount": {
                            "type": "string"
                          },
                          "ItemText": {
                            "type": "string"
                          },
                          "CostCenter": {
                            "type": "string"
                          }
                        },
                        "required": [
                          "Item",
                          "GlAccount",
                          "CompanyCode",
                          "Amount",
                          "ItemText",
                          "CostCenter"
                        ]
                      }
                    }
                  }
                }
              }
            },
            "Set_Header_for_Single_Entry": {
              "runAfter": {
                "Parse_JSON_for_Single_Entry": [
                  "Succeeded"
                ]
              },
              "metadata": {
                "operationMetadataId": "3881f935-66de-4dd2-a111-91f8f89c9fa4"
              },
              "type": "SetVariable",
              "inputs": {
                "name": "Header",
                "value": "@body('Parse_JSON_for_Single_Entry')?['Header']"
              }
            },
            "Set_Items_for_Single_Entry": {
              "runAfter": {
                "Set_Header_for_Single_Entry": [
                  "Succeeded"
                ]
              },
              "metadata": {
                "operationMetadataId": "4a8bbcc8-8791-49d1-84a0-b736810598d6"
              },
              "type": "SetVariable",
              "inputs": {
                "name": "Items",
                "value": "@body('Parse_JSON_for_Single_Entry')?['Items']"
              }
            }
          },
          "runAfter": {
            "Initialize_Messages": [
              "Succeeded"
            ]
          },
          "else": {
            "actions": {
              "Parse_JSON_for_Mass_Upload": {
                "runAfter": {},
                "metadata": {
                  "operationMetadataId": "12f0f586-4295-4bdd-8329-522cf48feb2c"
                },
                "type": "ParseJson",
                "inputs": {
                  "content": "@triggerOutputs()?['body/mpa_payload']",
                  "schema": {
                    "type": "object",
                    "properties": {
                      "DocumentType": {
                        "type": "string"
                      },
                      "CompanyCode": {
                        "type": "string"
                      },
                      "DocumentDate": {
                        "type": "string"
                      },
                      "PostingDate": {
                        "type": "string"
                      },
                      "Currency": {
                        "type": "string"
                      },
                      "DocHeaderText": {
                        "type": "string"
                      },
                      "DebitAccount": {
                        "type": "string"
                      },
                      "DebitLineText": {
                        "type": "string"
                      },
                      "CreditAccount": {
                        "type": "string"
                      },
                      "CreditLineText": {
                        "type": "string"
                      },
                      "Amount": {
                        "type": "string"
                      },
                      "CreditCostCenter": {
                        "type": "string"
                      },
                      "DebitCostCenter": {
                        "type": "string"
                      }
                    }
                  }
                }
              },
              "Set_Header_for_Mass_Upload": {
                "runAfter": {
                  "Parse_JSON_for_Mass_Upload": [
                    "Succeeded"
                  ]
                },
                "metadata": {
                  "operationMetadataId": "3fe62c58-90bf-4137-8455-b559a23f798a"
                },
                "type": "SetVariable",
                "inputs": {
                  "name": "Header",
                  "value": {
                    "DocumentType": "@body('Parse_JSON_for_Mass_Upload')?['DocumentType']",
                    "CompanyCode": "@body('Parse_JSON_for_Mass_Upload')?['CompanyCode']",
                    "DocumentDate": "@body('Parse_JSON_for_Mass_Upload')?['DocumentDate']",
                    "PostingDate": "@body('Parse_JSON_for_Mass_Upload')?['PostingDate']",
                    "Currency": "@body('Parse_JSON_for_Mass_Upload')?['Currency']",
                    "DocHeaderText": "@body('Parse_JSON_for_Mass_Upload')?['DocHeaderText']",
                    "Reference": "@body('Parse_JSON_for_Mass_Upload')?['DocHeaderText']"
                  }
                }
              },
              "Set_Items_for_Mass_Upload": {
                "runAfter": {
                  "Set_Header_for_Mass_Upload": [
                    "Succeeded"
                  ]
                },
                "metadata": {
                  "operationMetadataId": "8274df7b-9aee-4f5f-990f-ebe2cadea433"
                },
                "type": "SetVariable",
                "inputs": {
                  "name": "Items",
                  "value": [
                    {
                      "Item": "1",
                      "Currency": "@body('Parse_JSON_for_Mass_Upload')?['Currency']",
                      "Amount": "@concat('-', body('Parse_JSON_for_Mass_Upload')?['Amount'])",
                      "GlAccount": "@body('Parse_JSON_for_Mass_Upload')?['CreditAccount']",
                      "CostCenter": "@body('Parse_JSON_for_Mass_Upload')?['CreditCostCenter']",
                      "ItemText": ""
                    },
                    {
                      "Item": "2",
                      "Currency": "@body('Parse_JSON_for_Mass_Upload')?['Currency']",
                      "Amount": "@body('Parse_JSON_for_Mass_Upload')?['Amount']",
                      "GlAccount": "@body('Parse_JSON_for_Mass_Upload')?['DebitAccount']",
                      "CostCenter": "@body('Parse_JSON_for_Mass_Upload')?['DebitCostCenter']",
                      "ItemText": ""
                    }
                  ]
                }
              }
            }
          },
          "expression": {
            "contains": [
              "@triggerOutputs()?['body/mpa_payload']",
              "Header"
            ]
          },
          "metadata": {
            "operationMetadataId": "ef9e935e-3942-4afd-a31b-9daad893da09"
          },
          "type": "If"
        },
        "Initialize_BT_DATA_With_Header_Screen_Information": {
          "runAfter": {
            "Initialize_User": [
              "Succeeded"
            ]
          },
          "metadata": {
            "operationMetadataId": "ffd43870-39aa-444b-871f-5836cf93a3c8"
          },
          "type": "InitializeVariable",
          "inputs": {
            "variables": [
              {
                "name": "BT_DATA",
                "type": "array",
                "value": [
                  {
                    "PROGRAM": "SAPMF05A",
                    "DYNPRO": "0100",
                    "DYNBEGIN": "X",
                    "FNAM": "",
                    "FVAL": ""
                  },
                  {
                    "FNAM": "BKPF-BLDAT",
                    "FVAL": "@formatDateTime(substring(variables('Header')?['DocumentDate'],0,10), 'MM/dd/yyyy')"
                  },
                  {
                    "FNAM": "BKPF-BUDAT",
                    "FVAL": "@formatDateTime(substring(variables('Header')?['PostingDate'],0,10), 'MM/dd/yyyy')"
                  },
                  {
                    "FNAM": "BKPF-BLART",
                    "FVAL": "@substring(variables('Header')?['DocumentType'],0,2)"
                  },
                  {
                    "FNAM": "BKPF-BUKRS",
                    "FVAL": "@variables('Header')?['CompanyCode']"
                  },
                  {
                    "FNAM": "BKPF-WAERS",
                    "FVAL": "@variables('Header')?['Currency']"
                  },
                  {
                    "FNAM": "BKPF-XBLNR",
                    "FVAL": "@variables('Header')?['Reference']"
                  },
                  {
                    "FNAM": "BKPF-BKTXT",
                    "FVAL": "@variables('Header')?['DocHeaderText']"
                  },
                  {
                    "FNAM": "BDC_OKCODE",
                    "FVAL": "=SB"
                  },
                  {
                    "PROGRAM": "SAPMF05A",
                    "DYNPRO": "0310",
                    "DYNBEGIN": "X",
                    "FNAM": "",
                    "FVAL": ""
                  }
                ]
              }
            ]
          }
        },
        "Append_Click_Enter_Key_to_BT_DATA": {
          "runAfter": {
            "Loop_Over_Items": [
              "Succeeded"
            ]
          },
          "metadata": {
            "operationMetadataId": "ea6499be-00a6-43f9-ba48-24bb77490938"
          },
          "type": "AppendToArrayVariable",
          "inputs": {
            "name": "BT_DATA",
            "value": {
              "FNAM": "BDC_OKCODE",
              "FVAL": "=PI"
            }
          }
        },
        "Append_Item_Detail_Navigation_to_BT_DATA": {
          "runAfter": {
            "Append_Click_Enter_Key_to_BT_DATA": [
              "Succeeded"
            ]
          },
          "metadata": {
            "operationMetadataId": "aefa1a4e-654d-4877-b360-96ca09883c91"
          },
          "type": "AppendToArrayVariable",
          "inputs": {
            "name": "BT_DATA",
            "value": {
              "PROGRAM": "SAPMF05A",
              "DYNPRO": "0300",
              "DYNBEGIN": "X",
              "FNAM": "",
              "FVAL": ""
            }
          }
        },
        "Append_Click_Save_Button_to_BT_DATA": {
          "runAfter": {
            "Append_Item_Detail_Navigation_to_BT_DATA": [
              "Succeeded"
            ]
          },
          "metadata": {
            "operationMetadataId": "83077f23-44e5-4abc-913a-3710305edd41"
          },
          "type": "AppendToArrayVariable",
          "inputs": {
            "name": "BT_DATA",
            "value": {
              "FNAM": "BDC_OKCODE",
              "FVAL": "=BU"
            }
          }
        },
        "Append_Click_Enter_Key_2_to_BT_DATA": {
          "runAfter": {
            "Append_Coding_Block_Detail_Navigation_to_BT_DATA": [
              "Succeeded"
            ]
          },
          "metadata": {
            "operationMetadataId": "2593be87-e152-4af4-8fda-e6de58101bfc"
          },
          "type": "AppendToArrayVariable",
          "inputs": {
            "name": "BT_DATA",
            "value": {
              "FNAM": "BDC_OKCODE",
              "FVAL": "=ENTE"
            }
          }
        },
        "Append_Coding_Block_Detail_Navigation_to_BT_DATA": {
          "runAfter": {
            "Append_Click_Save_Button_to_BT_DATA": [
              "Succeeded"
            ]
          },
          "metadata": {
            "operationMetadataId": "5306f805-96ff-439c-bb57-6c5a27c8d4d5"
          },
          "type": "AppendToArrayVariable",
          "inputs": {
            "name": "BT_DATA",
            "value": {
              "PROGRAM": "SAPLKACB",
              "DYNPRO": "0002",
              "DYNBEGIN": "X",
              "FNAM": "",
              "FVAL": ""
            }
          }
        },
        "Initialize_Messages": {
          "runAfter": {
            "Initialize_Items": [
              "Succeeded"
            ]
          },
          "metadata": {
            "operationMetadataId": "28e0511d-f1a0-4766-a7f7-e81c4af86206"
          },
          "type": "InitializeVariable",
          "inputs": {
            "variables": [
              {
                "name": "Messages",
                "type": "array",
                "value": []
              }
            ]
          }
        },
        "Loop_Over_Items": {
          "foreach": "@variables('Items')",
          "actions": {
            "Append_Posting_Key": {
              "runAfter": {},
              "metadata": {
                "operationMetadataId": "44758d8a-08f3-4de5-86b9-c6f9fdda0eb4"
              },
              "type": "AppendToArrayVariable",
              "inputs": {
                "name": "BT_DATA",
                "value": {
                  "FNAM": "BSEG-BSCHL(@{if(isInt(item()?['Item']), formatNumber(int(item()?['Item']), 'D2'), item()?['Item'])})",
                  "FVAL": "@{if(contains(item()?['Amount'],'-'),'50','40')}"
                }
              }
            },
            "Append_Gl_Account": {
              "runAfter": {
                "Append_Posting_Key": [
                  "Succeeded"
                ]
              },
              "metadata": {
                "operationMetadataId": "44758d8a-08f3-4de5-86b9-c6f9fdda0eb4"
              },
              "type": "AppendToArrayVariable",
              "inputs": {
                "name": "BT_DATA",
                "value": {
                  "FNAM": "RF05A-KONTO(@{if(isInt(item()?['Item']), formatNumber(int(item()?['Item']), 'D2'), item()?['Item'])})",
                  "FVAL": "@{items('Loop_Over_Items')?['GlAccount']}"
                }
              }
            },
            "Append_Amount": {
              "runAfter": {
                "Append_Gl_Account": [
                  "Succeeded"
                ]
              },
              "metadata": {
                "operationMetadataId": "44758d8a-08f3-4de5-86b9-c6f9fdda0eb4"
              },
              "type": "AppendToArrayVariable",
              "inputs": {
                "name": "BT_DATA",
                "value": {
                  "FNAM": "BSEG-WRBTR(@{if(isInt(item()?['Item']), formatNumber(int(item()?['Item']), 'D2'), item()?['Item'])})",
                  "FVAL": "@{replace(item()?['Amount'],'-','')}"
                }
              }
            },
            "Append_Cost_Center": {
              "runAfter": {
                "Append_Amount": [
                  "Succeeded"
                ]
              },
              "metadata": {
                "operationMetadataId": "44758d8a-08f3-4de5-86b9-c6f9fdda0eb4"
              },
              "type": "AppendToArrayVariable",
              "inputs": {
                "name": "BT_DATA",
                "value": {
                  "FNAM": "BSEG-KOSTL(@{if(isInt(item()?['Item']), formatNumber(int(item()?['Item']), 'D2'), item()?['Item'])})",
                  "FVAL": "@{items('Loop_Over_Items')?['CostCenter']}"
                }
              }
            }
          },
          "runAfter": {
            "Initialize_BT_DATA_With_Header_Screen_Information": [
              "Succeeded"
            ]
          },
          "metadata": {
            "operationMetadataId": "e7e8bc3d-8e91-4646-84b9-400ce2126015"
          },
          "type": "Foreach"
        }
      }
    },
    "templateName": ""
  },
  "schemaVersion": "1.0.0.0"
}