<environmentvariabledefinition schemaname="mpa_SAPApplicationServer">
  <defaultvalue>{"AppServerHost":"10.0.0.10","Client":"800","SystemNumber":"00","LogonType":"ApplicationServer"}</defaultvalue>
  <description default="JSON string that contains system parameters, host, system number, client, etc.">
    <label description="JSON string that contains system parameters, host, system number, client, etc." languagecode="1033" />
  </description>
  <displayname default="SAP Application Server">
    <label description="SAP Application Server" languagecode="1033" />
  </displayname>
  <introducedversion>0.6</introducedversion>
  <iscustomizable>1</iscustomizable>
  <isrequired>0</isrequired>
  <secretstore>0</secretstore>
  <type>100000000</type>
</environmentvariabledefinition>