<ImportExportXml version="9.2.25013.202" SolutionPackageVersion="9.2" languagecode="1033" generatedBy="CrmLive" xmlns:xsi="http://www.w3.org/2001/XMLSchema-instance" OrganizationVersion="9.2.25013.202" OrganizationSchemaType="Standard" CRMServerServiceabilityVersion="9.2.25013.00202">
  <SolutionManifest>
    <UniqueName>SAPJournalEntries</UniqueName>
    <LocalizedNames>
      <LocalizedName description="SAP Journal Entries" languagecode="1033" />
    </LocalizedNames>
    <Descriptions />
    <Version>1.0.0.3</Version>
    <Managed>0</Managed>
    <Publisher>
      <UniqueName>PowerAccelerator</UniqueName>
      <LocalizedNames>
        <LocalizedName description="Microsoft Power Accelerator" languagecode="1033" />
      </LocalizedNames>
      <Descriptions>
        <Description description="Publisher for the Microsoft Power Accelerator team." languagecode="1033" />
      </Descriptions>
      <EMailAddress xsi:nil="true"></EMailAddress>
      <SupportingWebsiteUrl xsi:nil="true"></SupportingWebsiteUrl>
      <CustomizationPrefix>mpa</CustomizationPrefix>
      <CustomizationOptionValuePrefix>86542</CustomizationOptionValuePrefix>
      <Addresses>
        <Address>
          <AddressNumber>1</AddressNumber>
          <AddressTypeCode>1</AddressTypeCode>
          <City xsi:nil="true"></City>
          <County xsi:nil="true"></County>
          <Country xsi:nil="true"></Country>
          <Fax xsi:nil="true"></Fax>
          <FreightTermsCode xsi:nil="true"></FreightTermsCode>
          <ImportSequenceNumber xsi:nil="true"></ImportSequenceNumber>
          <Latitude xsi:nil="true"></Latitude>
          <Line1 xsi:nil="true"></Line1>
          <Line2 xsi:nil="true"></Line2>
          <Line3 xsi:nil="true"></Line3>
          <Longitude xsi:nil="true"></Longitude>
          <Name xsi:nil="true"></Name>
          <PostalCode xsi:nil="true"></PostalCode>
          <PostOfficeBox xsi:nil="true"></PostOfficeBox>
          <PrimaryContactName xsi:nil="true"></PrimaryContactName>
          <ShippingMethodCode>1</ShippingMethodCode>
          <StateOrProvince xsi:nil="true"></StateOrProvince>
          <Telephone1 xsi:nil="true"></Telephone1>
          <Telephone2 xsi:nil="true"></Telephone2>
          <Telephone3 xsi:nil="true"></Telephone3>
          <TimeZoneRuleVersionNumber xsi:nil="true"></TimeZoneRuleVersionNumber>
          <UPSZone xsi:nil="true"></UPSZone>
          <UTCOffset xsi:nil="true"></UTCOffset>
          <UTCConversionTimeZoneCode xsi:nil="true"></UTCConversionTimeZoneCode>
        </Address>
        <Address>
          <AddressNumber>2</AddressNumber>
          <AddressTypeCode>1</AddressTypeCode>
          <City xsi:nil="true"></City>
          <County xsi:nil="true"></County>
          <Country xsi:nil="true"></Country>
          <Fax xsi:nil="true"></Fax>
          <FreightTermsCode xsi:nil="true"></FreightTermsCode>
          <ImportSequenceNumber xsi:nil="true"></ImportSequenceNumber>
          <Latitude xsi:nil="true"></Latitude>
          <Line1 xsi:nil="true"></Line1>
          <Line2 xsi:nil="true"></Line2>
          <Line3 xsi:nil="true"></Line3>
          <Longitude xsi:nil="true"></Longitude>
          <Name xsi:nil="true"></Name>
          <PostalCode xsi:nil="true"></PostalCode>
          <PostOfficeBox xsi:nil="true"></PostOfficeBox>
          <PrimaryContactName xsi:nil="true"></PrimaryContactName>
          <ShippingMethodCode>1</ShippingMethodCode>
          <StateOrProvince xsi:nil="true"></StateOrProvince>
          <Telephone1 xsi:nil="true"></Telephone1>
          <Telephone2 xsi:nil="true"></Telephone2>
          <Telephone3 xsi:nil="true"></Telephone3>
          <TimeZoneRuleVersionNumber xsi:nil="true"></TimeZoneRuleVersionNumber>
          <UPSZone xsi:nil="true"></UPSZone>
          <UTCOffset xsi:nil="true"></UTCOffset>
          <UTCConversionTimeZoneCode xsi:nil="true"></UTCConversionTimeZoneCode>
        </Address>
      </Addresses>
    </Publisher>
    <RootComponents>
      <RootComponent type="1" schemaName="mpa_saperror" behavior="0" />
      <RootComponent type="1" schemaName="mpa_saplistofvalue" behavior="0" />
      <RootComponent type="1" schemaName="mpa_saplocalization" behavior="0" />
      <RootComponent type="1" schemaName="mpa_sapmassupdate" behavior="0" />
      <RootComponent type="1" schemaName="mpa_sapmenuitem" behavior="0" />
      <RootComponent type="1" schemaName="mpa_sapsearchhistory" behavior="0" />
      <RootComponent type="29" id="{62092683-15f1-ef11-9342-0022480bcdb1}" behavior="0" />
      <RootComponent type="29" id="{e13f3ce1-9a5b-ed11-9562-000d3a341930}" behavior="0" />
      <RootComponent type="29" id="{ff0eddcb-05ef-ef11-9341-0022480a599c}" behavior="0" />
      <RootComponent type="61" schemaName="mpa_rederror" behavior="0" />
      <RootComponent type="61" schemaName="mpa_SuccessIcon" behavior="0" />
      <RootComponent type="61" schemaName="mpa_yellowwarning" behavior="0" />
      <RootComponent type="300" schemaName="mpa_massupload_6625f" behavior="0" />
    </RootComponents>
    <MissingDependencies>
      <MissingDependency>
        <Required type="1" schemaName="mpa_saperror" displayName="SAP Error" solution="mpa_SAPBase (1.0.0.73)" />
        <Dependent type="1" schemaName="mpa_saperror" displayName="SAP Error" />
      </MissingDependency>
      <MissingDependency>
        <Required type="1" schemaName="mpa_saplistofvalue" displayName="SAP List of Value" solution="mpa_SAPBase (1.0.0.73)" />
        <Dependent type="1" schemaName="mpa_saplistofvalue" displayName="SAP List of Value" />
      </MissingDependency>
      <MissingDependency>
        <Required type="1" schemaName="mpa_saplistofvalue" displayName="SAP List of Value" solution="mpa_SAPBase (1.0.0.73)" />
        <Dependent type="10" schemaName="mpa_mpa_saplistofvalue_ParentValue_mpa_er" displayName="mpa_mpa_saplistofvalue_ParentValue_mpa_er" parentSchemaName="mpa_saplistofvalue" parentDisplayName="SAP List of Value" />
      </MissingDependency>
      <MissingDependency>
        <Required type="1" schemaName="mpa_saplocalization" displayName="SAP Localization" solution="mpa_SAPBase (1.0.0.73)" />
        <Dependent type="1" schemaName="mpa_saplocalization" displayName="SAP Localization" />
      </MissingDependency>
      <MissingDependency>
        <Required type="1" schemaName="mpa_sapmenuitem" displayName="SAP Menu Item" solution="mpa_SAPBase (1.0.0.73)" />
        <Dependent type="1" schemaName="mpa_sapmenuitem" displayName="SAP Menu Item" />
      </MissingDependency>
      <MissingDependency>
        <Required type="1" schemaName="mpa_sapsearchhistory" displayName="SAP Search History" solution="mpa_SAPBase (1.0.0.73)" />
        <Dependent type="1" schemaName="mpa_sapsearchhistory" displayName="SAP Search History" />
      </MissingDependency>
      <MissingDependency>
        <Required type="61" schemaName="mpa_ErrorIcon" displayName="mpa_ErrorIcon" solution="mpa_SAPBase (1.0.0.73)" />
        <Dependent type="1" schemaName="mpa_saperror" displayName="SAP Error" />
      </MissingDependency>
      <MissingDependency>
        <Required type="61" schemaName="mpa_ListofValueIcon" displayName="mpa_ListofValueIcon" solution="mpa_SAPBase (1.0.0.73)" />
        <Dependent type="1" schemaName="mpa_saplistofvalue" displayName="SAP List of Value" />
      </MissingDependency>
      <MissingDependency>
        <Required type="61" schemaName="mpa_MenuItemsIcon" displayName="mpa_MenuItemsIcon" solution="mpa_SAPBase (1.0.0.73)" />
        <Dependent type="1" schemaName="mpa_sapmenuitem" displayName="SAP Menu Item" />
      </MissingDependency>
      <MissingDependency>
        <Required type="61" schemaName="mpa_WorldIcon" displayName="mpa_WorldIcon" solution="mpa_SAPBase (1.0.0.73)" />
        <Dependent type="1" schemaName="mpa_saplocalization" displayName="SAP Localization" />
      </MissingDependency>
      <MissingDependency>
        <Required type="9" schemaName="mpa_language" displayName="ISO Language Code" solution="mpa_SAPBase (1.0.0.73)" />
        <Dependent type="2" schemaName="mpa_language" displayName="Language" parentSchemaName="mpa_saplistofvalue" parentDisplayName="SAP List of Value" />
      </MissingDependency>
      <MissingDependency>
        <Required type="9" schemaName="mpa_language" displayName="ISO Language Code" solution="mpa_SAPBase (1.0.0.73)" />
        <Dependent type="2" schemaName="mpa_language" displayName="Language" parentSchemaName="mpa_saplocalization" parentDisplayName="SAP Localization" />
      </MissingDependency>
      <MissingDependency>
        <Required type="9" schemaName="mpa_saperror_mpa_sourcetype" displayName="Source Type" solution="mpa_SAPBase (1.0.0.73)" />
        <Dependent type="9" schemaName="mpa_saperror_mpa_sourcetype" displayName="Source Type" />
      </MissingDependency>
      <MissingDependency>
        <Required type="9" schemaName="mpa_saperror_mpa_workflowstatus" displayName="Workflow Status" solution="mpa_SAPBase (1.0.0.73)" />
        <Dependent type="9" schemaName="mpa_saperror_mpa_workflowstatus" displayName="Workflow Status" />
      </MissingDependency>
      <MissingDependency>
        <Required type="9" schemaName="mpa_saperror_statecode" displayName="Status" solution="mpa_SAPBase (1.0.0.73)" />
        <Dependent type="9" schemaName="mpa_saperror_statecode" displayName="Status" />
      </MissingDependency>
      <MissingDependency>
        <Required type="9" schemaName="mpa_saperror_statuscode" displayName="Status Reason" solution="mpa_SAPBase (1.0.0.73)" />
        <Dependent type="9" schemaName="mpa_saperror_statuscode" displayName="Status Reason" />
      </MissingDependency>
      <MissingDependency>
        <Required type="9" schemaName="mpa_saplistofvalue_mpa_domain" displayName="Domain" solution="mpa_SAPBase (1.0.0.73)" />
        <Dependent type="9" schemaName="mpa_saplistofvalue_mpa_domain" displayName="Domain" />
      </MissingDependency>
      <MissingDependency>
        <Required type="9" schemaName="mpa_saplistofvalue_statecode" displayName="Status" solution="mpa_SAPBase (1.0.0.73)" />
        <Dependent type="9" schemaName="mpa_saplistofvalue_statecode" displayName="Status" />
      </MissingDependency>
      <MissingDependency>
        <Required type="9" schemaName="mpa_saplistofvalue_statuscode" displayName="Status Reason" solution="mpa_SAPBase (1.0.0.73)" />
        <Dependent type="9" schemaName="mpa_saplistofvalue_statuscode" displayName="Status Reason" />
      </MissingDependency>
      <MissingDependency>
        <Required type="9" schemaName="mpa_saplocalization_mpa_stringtype" displayName="String Type" solution="mpa_SAPBase (1.0.0.73)" />
        <Dependent type="9" schemaName="mpa_saplocalization_mpa_stringtype" displayName="String Type" />
      </MissingDependency>
      <MissingDependency>
        <Required type="9" schemaName="mpa_saplocalization_statecode" displayName="Status" solution="mpa_SAPBase (1.0.0.73)" />
        <Dependent type="9" schemaName="mpa_saplocalization_statecode" displayName="Status" />
      </MissingDependency>
      <MissingDependency>
        <Required type="9" schemaName="mpa_saplocalization_statuscode" displayName="Status Reason" solution="mpa_SAPBase (1.0.0.73)" />
        <Dependent type="9" schemaName="mpa_saplocalization_statuscode" displayName="Status Reason" />
      </MissingDependency>
      <MissingDependency>
        <Required type="9" schemaName="mpa_sapmenuitem_mpa_capability" displayName="Capability" solution="mpa_SAPBase (1.0.0.73)" />
        <Dependent type="9" schemaName="mpa_sapmenuitem_mpa_capability" displayName="Capability" />
      </MissingDependency>
      <MissingDependency>
        <Required type="9" schemaName="mpa_sapmenuitem_mpa_menugroup" displayName="Menu Group" solution="mpa_SAPBase (1.0.0.73)" />
        <Dependent type="9" schemaName="mpa_sapmenuitem_mpa_menugroup" displayName="Menu Group" />
      </MissingDependency>
      <MissingDependency>
        <Required type="9" schemaName="mpa_sapmenuitem_statecode" displayName="Status" solution="mpa_SAPBase (1.0.0.73)" />
        <Dependent type="9" schemaName="mpa_sapmenuitem_statecode" displayName="Status" />
      </MissingDependency>
      <MissingDependency>
        <Required type="9" schemaName="mpa_sapmenuitem_statuscode" displayName="Status Reason" solution="mpa_SAPBase (1.0.0.73)" />
        <Dependent type="9" schemaName="mpa_sapmenuitem_statuscode" displayName="Status Reason" />
      </MissingDependency>
      <MissingDependency>
        <Required type="9" schemaName="mpa_sapsearchhistory_mpa_objecttype" displayName="Object Type" solution="mpa_SAPBase (1.0.0.73)" />
        <Dependent type="9" schemaName="mpa_sapsearchhistory_mpa_objecttype" displayName="Object Type" />
      </MissingDependency>
      <MissingDependency>
        <Required type="9" schemaName="mpa_sapsearchhistory_statecode" displayName="Status" solution="mpa_SAPBase (1.0.0.73)" />
        <Dependent type="9" schemaName="mpa_sapsearchhistory_statecode" displayName="Status" />
      </MissingDependency>
      <MissingDependency>
        <Required type="9" schemaName="mpa_sapsearchhistory_statuscode" displayName="Status Reason" solution="mpa_SAPBase (1.0.0.73)" />
        <Dependent type="9" schemaName="mpa_sapsearchhistory_statuscode" displayName="Status Reason" />
      </MissingDependency>
    </MissingDependencies>
  </SolutionManifest>
</ImportExportXml>