<botcomponent_connectionreferenceset>
  <botcomponent_connectionreference botcomponentid.schemaname="mpa_financeAgent.topic.ProcessFileUpload" connectionreferenceid.connectionreferencelogicalname="mpa_financeAgent.shared_office365users.f4f45ce3be17460ea89cb073d88e3dfd">
    <iscustomizable>1</iscustomizable>
  </botcomponent_connectionreference>
  <botcomponent_connectionreference botcomponentid.schemaname="mpa_financeAgent.topic.ProcessFileUpload" connectionreferenceid.connectionreferencelogicalname="mpa_financeAgent.shared_onedriveforbusiness.shared-onedriveforbu-bcf0c4d1-7c86-4edc-9463-347785b1eafb">
    <iscustomizable>1</iscustomizable>
  </botcomponent_connectionreference>
  <botcomponent_connectionreference botcomponentid.schemaname="mpa_financeAgent.topic.UploadJournalEntry" connectionreferenceid.connectionreferencelogicalname="mpa_financeAgent.shared_office365users.f4f45ce3be17460ea89cb073d88e3dfd">
    <iscustomizable>1</iscustomizable>
  </botcomponent_connectionreference>
  <botcomponent_connectionreference botcomponentid.schemaname="mpa_financeAgent.topic.UploadJournalEntry" connectionreferenceid.connectionreferencelogicalname="mpa_financeAgent.shared_onedriveforbusiness.shared-onedriveforbu-bcf0c4d1-7c86-4edc-9463-347785b1eafb">
    <iscustomizable>1</iscustomizable>
  </botcomponent_connectionreference>
</botcomponent_connectionreferenceset>