<botcomponent_workflowset>
  <botcomponent_workflow botcomponentid.schemaname="mpa_financeAgent.topic.ProcessFileUpload" workflowid.workflowid="ff0eddcb-05ef-ef11-9341-0022480a599c">
    <iscustomizable>1</iscustomizable>
  </botcomponent_workflow>
  <botcomponent_workflow botcomponentid.schemaname="mpa_financeAgent.topic.SendtoSAP" workflowid.workflowid="62092683-15f1-ef11-9342-0022480bcdb1">
    <iscustomizable>1</iscustomizable>
  </botcomponent_workflow>
  <botcomponent_workflow botcomponentid.schemaname="mpa_financeAgent.topic.SendtoSAPviaGUI" workflowid.workflowid="a9210fc4-8a5d-f011-bec2-6045bd06ae4e">
    <iscustomizable>1</iscustomizable>
  </botcomponent_workflow>
  <botcomponent_workflow botcomponentid.schemaname="mpa_financeAgent.topic.UploadJournalEntry" workflowid.workflowid="b1002b2f-1d5c-f011-bec2-6045bd06ae4e">
    <iscustomizable>1</iscustomizable>
  </botcomponent_workflow>
</botcomponent_workflowset>