{"__Version":"0.1","App":"594a892c-7b45-4c9d-bb9d-ebb77f0f3618","Test_7F478737223C4B69":"31a7bf94-82d2-4475-8442-a0bf9d83ba18","Host":"66f89a6c-b59b-4a29-a848-6f3625b1ce7d","BatchSearch":"5a325b03-3b82-40dc-abbe-6ad9c5d51678","conVendorSearchMain":"80723d72-52a6-4098-8c7c-575c6d88089c","conBatchSearchHeader":"d28685e6-6cde-47e0-a8c0-c3ab4c712f88","icoBatchSearchBack":"9b6e83ed-89e2-40eb-9363-ea06757fd4d1","lblBatchSearch":"3f89e89d-f101-4fd1-beab-01112a2cbd69","conRecentBatches":"2ad0290c-d989-471c-94b2-11ef983b252b","conVendorRecentlySearchedResults":"cc922352-67ea-4bd2-8fe6-3e47bea826d6","conVendorRecentlySearchedCommandBar":"dca172cc-7e52-46bc-bef2-631e74c1901f","lblVendorRecentlySearchedCommandBar":"c8f9e96c-30ff-46cb-a539-03b8221fc258","conVendorRecentlySearchedCommandBarFilter":"1c0ef4fd-1fae-43b4-87e0-767ca88f1462","shpVendorRecentlySearchedCommandBarFilterDivider":"8d730840-11ec-4280-881b-26f51d8241bd","shpVendorRecentlySearchedDivider":"5eb9e220-53b9-4553-8aa4-21a40c092d96","conVendorsRecentlySearchTable":"5bfabdbc-7879-404f-abd2-27e4847a54e0","conBatchSearchTableHeader":"e627424d-8942-4565-b8c0-94658484613c","lblBatchSearchBatchHeader":"7b975243-d0b1-4ba5-94af-1ed5309068ae","lblBatchSearchFlowHeader":"8aeab48d-31ac-4ce2-8336-d2d744654959","lblBatchSearchModifiedByHeader":"e9c4e163-17af-4b30-bfdf-c167e5b4f10d","lblBatchSearchModifiedOnHeader":"b5b4fa5f-8f2e-454d-886e-2c1a55c6863a","shpVendorRecentlySearchedDivider_1":"8cfd02aa-aa11-43e9-bb3e-602b0b049204","galRecentBatches":"ff75939f-6ff4-4aad-bb7c-87d54b7d0cdb","galleryTemplate1_6":"e2de87ac-2590-47b0-95a7-8706a3d7f7dd","lblBatchSearchModifiedOn":"f71bf6a0-5f23-4e64-843f-aef75f5566b5","lblBatchSearchModifiedBy":"dce88e6d-898e-4de3-9393-b5be3098c93c","lblBatchSearchFlow":"6e332074-1a9a-4e4c-a180-597ad0b5ca92","btnBatchSearchBatch":"18615051-0b50-42fe-ac6c-fe1d574e20ee","recVendorRecentlySearchedDivider":"158b6cf3-02ae-4286-8659-71c203939cb0","conVendorNoRecentlySearchedResults":"422641f1-df8e-483d-b389-b149e616bfb3","icoVendorNoRecentlySearchedResults":"a932b7df-20df-4a25-8c15-8c5189fd69c6","lblVendorNoRecentlySearchedResults":"7c1bf7cc-7652-4e68-8c58-8a3324098fe2","lblVendorRecentlySearchedResultsNumberRecords":"f00ffdb4-bdb3-4180-812b-cdd374d02476","CommandBar":"c97ccda1-1854-43af-9e78-b8802555e4d1","conCommandBar":"c0699c12-c68f-42aa-900d-84239a7106dd","lblMassUpdate":"e05adf73-cfb2-4174-bc9a-c53bfae14691","conCommandBarButtons":"92e012b3-8805-43e2-bba5-68f9fc2a120e","icoBatchSearch":"827a7a05-6b5b-4500-9e5f-7ba22cbb4d67","lblBatch":"02f55c53-38b0-4224-9e92-0a09695c40c1","lblFlow":"c8fa9b13-44af-4efd-a7a0-309129c556a8","lblTotalRecords":"9c42de5a-d839-449c-ab8b-982ec80d40b3","lblSuccessRecords":"e81a4dfe-a94a-4e6b-a2a4-bcae0b245a8b","lblFailedRecords":"64b3dec6-dfd7-406b-928e-b5c9e8f3fefb","ScreenHeader":"0fb7fc4b-2b47-467f-a609-12b6e0a1af9e","conScreenHeader":"7d0c8b5c-6f16-48de-a7d6-12806cedce9a","imgScreenHeaderCompanyLogo":"6225bdd3-6174-40db-9264-6e01357e113b","imgScreenUserPhoto":"9be861ff-201c-43a7-bf25-6f799b1f768c","LeftNavigation":"0d2a1410-1773-4b64-8099-58b65bfa9444","icoLeftNavExpandCollapse":"b4aa990c-14be-4f12-a98d-4b65861a2ebb","galLeftNavMainMenuItems":"b088e0b0-3f59-4b00-85b8-a70142269708","galleryTemplate2_2":"50e07ea6-78b5-4fa0-afe2-decf6db8a6f5","shpLeftNavCollapsedDivider":"80244282-9588-4c0a-a753-bffc05af4251","lblLeftNavGroupTitle":"47fc47d1-d49f-48ad-a2fa-4eed7f9dee1d","galLeftNavSubMenu":"c19df1ae-c4d6-478c-b018-e84e8c9e1a55","galleryTemplate2_3":"9141c524-c2c1-4d95-b9e6-98b80f22c44d","btnLeftNavMenuItem":"0990397b-8f2f-4f55-9b30-c4e69f23d5a4","shpLeftNavSelected":"a1cf4b79-000a-42d1-92e1-bb4b1f46e629","imgLeftNavMenuItem":"a7d1e631-9553-4acc-8dca-c377beae1b02","ScreenTabs":"bac7466c-0370-40c7-9d13-4408edef18f1","conVendorScreenTabs":"68ac864c-453b-4cfc-baf8-6037f603098f","conVendorDetailsScreenTab":"d6d6b6a0-03b2-4268-ae17-934fef94662c","btnVendorDetailsScreenTab":"a82cf995-c555-4227-bf70-8e8179199bd9","shpVendorDetailsScreenTab":"34b67ad3-302b-4df9-9530-bfcba67b8f3b","NoItemsDisplay":"ab10a679-65e7-4e1b-8e59-7c3ccc6850f5","imgLoadingSubGrid":"886fb85f-bd52-493d-9198-62ece7b99132","icoNoItems":"1456f176-f584-408b-8ee1-680052930733","lblNoItems":"8043128a-aba6-4124-b467-34c0e919733b","UploadFile":"ebf39e0d-1c2a-492b-9d75-882a93374de5","uploadFile":"cc60ebd8-65df-42ff-85a1-2deb3595595e","ViewData":"778aa388-e2ea-4e9d-a369-e7de56d5617a","conDataMain":"d6e31b29-44db-439f-af47-afa94dff4f42","conDataHeader":"e66700c9-4b22-432a-926f-c244e64cfb92","lblData":"a3757326-978b-41dd-b6f4-3f9496c804c6","icoDataBack":"b30bf1e3-65f7-4ceb-a252-863a09e6fa9d","conData":"56bd41f1-d550-46be-bbc8-6d7065b15a5e","txtData":"1a5487ad-dc84-4eef-b0f6-8ca4fdd8c747","Mass Update Screen":"f9ebd346-db68-47a5-81a6-e31bab331ebe","cmpMassUpdateHeader":"5cbad9f2-0f9d-4720-a719-d91bfceec3d1","cmpMassUpdateLeftNavigation":"fd147868-f8a0-47b6-90d8-a97a22a72062","conMassUpdateMain":"9b4afbbd-c1ea-49f3-b42b-2ec763edc228","conMassUpdateMainCommandBar":"dbe4d811-c725-4499-beea-789435520f38","shpMassUpdateMainDivider":"6f0e1e42-beb0-4bbc-89de-844ae05a4dce","conMassUpdateData":"e905cf79-6b1f-4866-b1d2-a3fc9a5baa8b","conMassUpdateRecords":"81bf603b-fdd7-4d91-99c5-4499bd96647f","conMassUpdateRecordsCommandBar":"cb9415ea-2fcf-4c8b-b3e1-213f539a8bbb","conMassUpdateRecordsCommandBarLeft":"f6f13a3f-71e7-40c4-a8f9-f19692c3993d","lblMassUpdateRecords":"da2d83de-c388-4eec-bda1-1311c9b1e4fa","txtCurrentBatch":"19292de1-ef81-458d-b85a-289b9f70f2ee","icoBatchRead":"6dd98449-43cf-49ea-9a0b-67caf0a2264a","conMassUpdateRecordsCommandBarFilter":"1106d7e0-9b25-41ec-814d-1f95de09acaf","txtMassUpdateRecordsCommandBarFilter":"4580e218-bc01-418d-82f2-9e9d1e36d544","shpMassUpdateRecordsCommandBarFilter":"7019dc37-4cd4-4e75-b7f4-52a703339a6a","shpMassUpdateRecordsMainDivider":"5a1ab935-8e48-4362-be14-537601d07677","conMassUpdateRecordsEntry":"05ea8bb5-56f1-415d-866e-3b8a47a741a1","conMassUpdateRecordsEntryTableHeader":"8b337c48-7134-4ee0-a526-a74fa149606a","lblMassUpdateRecordsRecordHeader":"2da63f6a-57a4-487e-8a02-f037bcb5e7f3","lblMassUpdateRecordsModifiedOnHeader":"468a6d1b-5baa-4360-9e41-f98f142f9cc3","lblMassUpdateRecordsModifiedByHeader":"4748d993-7892-4356-9587-9cc48d8b4f4f","lblMassUpdateRecordsDataHeader":"5053ec76-37c6-4814-9449-49cca6d5725a","lblMassUpdateRecordsStatusHeader":"3e60549c-88db-4eb8-8362-3b148409e974","lblMassUpdateRecordsObjectIdHeader":"c98fd173-b3fc-4e05-946a-b17b29acea88","lblMassUpdateRecordsMessageHeader":"bf0dcb6f-2099-438e-be96-583f2626bc4f","shpMassUpdateRecordsEntryTableDivider":"eedf9cf7-6290-4f1f-a912-ef99be8ec580","galMassUpdateRecords":"5aa3677a-2e25-4843-848d-eac94a4262a4","galleryTemplate1_2":"271bf070-60a7-4585-90a3-5919069bd510","lblMassUpdateRecordsMessage":"76af081a-d539-4b06-941f-edc8767477a1","lblMassUpdateRecordsObjectId":"3fa8ab25-ca81-4000-9f37-0d6fc15a3cfd","lblMassUpdateRecordsStatus":"db56730d-672e-48d6-9139-7b7d1cb8da57","lblMassUpdateRecordsModifiedBy":"02a92b42-7cd5-49af-9277-286741306b03","lblMassUpdateRecordsModifiedOn":"36759d49-1ef3-47e1-b8ac-86b21f44490e","lblMassUpdateRecordsRecord":"04d7cff3-d822-488c-94ed-02f50f9a7df7","btnMassUpdateRecordsViewData":"cc020503-1694-499f-92e1-bb239a6f9b98","shpMassUpdateRecordsDivider":"c3f5b558-9dd0-48ad-b6c1-2e0676f76be5","cmpMassUpdateRecordsNoItems":"2525bff6-419d-4198-9d37-d2f2803a6314","Batch Search Screen":"2775639f-4f0a-4b40-889a-46fcc61795cb","cmpBatchSearchHeader":"680e2bf8-b72d-458b-a6ea-d410a96f26f7","cmpBatchSearch":"1fbfa551-5f62-4744-bb2c-6b449c954d87","Data Screen":"cdd80f8f-6b73-4543-bdfc-79c81b15f046","cmpDataHeader":"6a0e3c2a-4882-4c6f-95d8-eb9b58dd36e0","cmpData":"049a9b0e-6997-4078-8c72-68dcc5864ab2"}