{
  "properties": {
    "connectionReferences": {
      "shared_saperppreview": {
        "runtimeSource": "invoker",
        "connection": {
          "connectionReferenceLogicalName": "sap_sharedsaperppreview_a2c25"
        },
        "api": {
          "name": "shared_saperppreview"
        }
      }
    },
    "definition": {
      "$schema": "https://schema.management.azure.com/providers/Microsoft.Logic/schemas/2016-06-01/workflowdefinition.json#",
      "contentVersion": "1.0.0.0",
      "parameters": {
        "$connections": {
          "defaultValue": {},
          "type": "Object"
        },
        "$authentication": {
          "defaultValue": {},
          "type": "SecureObject"
        },
        "SAP Development (sap_SAPDevelopment)": {
          "defaultValue": "{\"AppServerHost\":\"sap.clearsoftware.com\",\"Client\":\"100\",\"SystemNumber\":\"00\",\"LogonType\":\"ApplicationServer\"}",
          "type": "String",
          "metadata": {
            "schemaName": "sap_SAPDevelopment"
          }
        }
      },
      "triggers": {
        "manual": {
          "metadata": {
            "operationMetadataId": "d303ea5d-7777-4603-b42a-e904131d6a6c"
          },
          "type": "Request",
          "kind": "PowerApp",
          "inputs": {
            "schema": {
              "type": "object",
              "properties": {
                "Order_Value": {
                  "type": "string",
                  "description": "Enter initial value",
                  "x-ms-powerflows-param-ispartial": false
                }
              },
              "required": [
                "Order_Value"
              ]
            }
          }
        }
      },
      "actions": {
        "Order": {
          "runAfter": {},
          "metadata": {
            "operationMetadataId": "4b0212c7-3ffa-4661-9cb5-e4e8ac8d68e7"
          },
          "type": "InitializeVariable",
          "inputs": {
            "variables": [
              {
                "name": "Order",
                "type": "string",
                "value": "@{triggerBody()['Order_Value']}"
              }
            ]
          }
        },
        "Filter_Messages_for_Errors": {
          "runAfter": {
            "Messages": [
              "Succeeded"
            ]
          },
          "metadata": {
            "operationMetadataId": "314738ec-9d05-4ae3-b089-64259885fb43"
          },
          "type": "Query",
          "inputs": {
            "from": "@variables('Messages')",
            "where": "@equals(item()?['TYPE'], 'E')"
          }
        },
        "Success_Check": {
          "actions": {
            "Success_Response": {
              "runAfter": {},
              "metadata": {
                "operationMetadataId": "88ce5aac-9ebe-41ab-87a6-dea14c80f06e"
              },
              "type": "Response",
              "kind": "Http",
              "inputs": {
                "statusCode": 200,
                "body": {
                  "Status": "Success",
                  "Order": "@variables('Order')",
                  "Messages": [
                    {
                      "Message": "Purchase order @{variables('Order')} was successfully approved."
                    }
                  ]
                },
                "schema": {
                  "type": "object",
                  "properties": {
                    "Status": {
                      "type": "string"
                    },
                    "Order": {
                      "type": "integer"
                    },
                    "Messages": {
                      "type": "array",
                      "items": {
                        "type": "object",
                        "properties": {
                          "Message": {
                            "type": "string"
                          }
                        },
                        "required": [
                          "Message"
                        ]
                      }
                    }
                  }
                }
              }
            }
          },
          "runAfter": {
            "Filter_Messages_for_Errors": [
              "Succeeded"
            ]
          },
          "else": {
            "actions": {
              "Clean_Up_Error_Messages": {
                "runAfter": {},
                "metadata": {
                  "operationMetadataId": "3ac4404f-21c4-4bae-bac7-2525e23d910f"
                },
                "type": "Select",
                "inputs": {
                  "from": "@body('Filter_Messages_for_Errors')",
                  "select": {
                    "Message": "@item()?['MESSAGE']"
                  }
                }
              },
              "Failure_Response": {
                "runAfter": {
                  "Clean_Up_Error_Messages": [
                    "Succeeded"
                  ]
                },
                "metadata": {
                  "operationMetadataId": "0364356b-c5f6-40d1-89d8-d1e42b0df753"
                },
                "type": "Response",
                "kind": "Http",
                "inputs": {
                  "statusCode": 200,
                  "body": {
                    "Status": "Failure",
                    "Order": "@variables('Order')",
                    "Messages": "@body('Clean_Up_Error_Messages')"
                  },
                  "schema": {
                    "type": "object",
                    "properties": {
                      "Status": {
                        "type": "string"
                      },
                      "Order": {
                        "type": "integer"
                      },
                      "Messages": {
                        "type": "array",
                        "items": {
                          "type": "object",
                          "properties": {
                            "Message": {
                              "type": "string"
                            }
                          },
                          "required": [
                            "Message"
                          ]
                        }
                      }
                    }
                  }
                }
              }
            }
          },
          "expression": {
            "equals": [
              "@length(outputs('Filter_Messages_for_Errors')?['body'])",
              0
            ]
          },
          "metadata": {
            "operationMetadataId": "e9efd70f-e739-4ab6-ad9b-90b1e544b087"
          },
          "type": "If"
        },
        "BAPI_PO_RELEASE": {
          "runAfter": {
            "Order": [
              "Succeeded"
            ]
          },
          "metadata": {
            "operationMetadataId": "0fdd2624-c8c4-4ace-8b36-783ce9e91351"
          },
          "type": "OpenApiConnection",
          "inputs": {
            "host": {
              "connectionName": "shared_saperppreview",
              "operationId": "CallRfcJson",
              "apiId": "/providers/Microsoft.PowerApps/apis/shared_saperppreview"
            },
            "parameters": {
              "x-ms-sap-system": "@parameters('SAP Development (sap_SAPDevelopment)')",
              "rfcName": "BAPI_PO_RELEASE",
              "rfcGroupFilter": "*:All RFC groups",
              "autoCommit": false,
              "rfcInputs/PO_REL_CODE": "01",
              "rfcInputs/PURCHASEORDER": "@variables('Order')"
            },
            "authentication": {
              "type": "Raw",
              "value": "@json(decodeBase64(triggerOutputs().headers['X-MS-APIM-Tokens']))['$ConnectionKey']"
            }
          }
        },
        "Messages": {
          "runAfter": {
            "BAPI_PO_RELEASE": [
              "Succeeded"
            ]
          },
          "metadata": {
            "operationMetadataId": "3ca9d172-3dad-4359-9b26-263658faca63"
          },
          "type": "InitializeVariable",
          "inputs": {
            "variables": [
              {
                "name": "Messages",
                "type": "array",
                "value": "@if(equals('',outputs('BAPI_PO_RELEASE')?['body/RETURN']), json('[]'), outputs('BAPI_PO_RELEASE')?['body/RETURN'])"
              }
            ]
          }
        }
      }
    }
  },
  "schemaVersion": "1.0.0.0"
}