{
  "properties": {
    "connectionReferences": {
      "shared_saperp": {
        "runtimeSource": "invoker",
        "connection": {
          "connectionReferenceLogicalName": "gilman_sharedsaperp_74c03"
        },
        "api": {
          "name": "shared_saperp"
        }
      }
    },
    "definition": {
      "$schema": "https://schema.management.azure.com/providers/Microsoft.Logic/schemas/2016-06-01/workflowdefinition.json#",
      "contentVersion": "1.0.0.0",
      "parameters": {
        "$connections": {
          "defaultValue": {},
          "type": "Object"
        },
        "$authentication": {
          "defaultValue": {},
          "type": "SecureObject"
        },
        "SAP Application Server (sap_SAPIPAddress)": {
          "defaultValue": "sap.clearsoftware.com",
          "type": "String",
          "metadata": {
            "schemaName": "sap_SAPIPAddress"
          }
        }
      },
      "triggers": {
        "manual": {
          "metadata": {
            "operationMetadataId": "3c0b4d03-6f2f-4857-93a9-69982d998c52"
          },
          "type": "Request",
          "kind": "PowerApp",
          "inputs": {
            "schema": {
              "type": "object",
              "properties": {
                "ParseJSON_Content": {
                  "type": "any",
                  "x-ms-powerflows-param-ispartial": false
                }
              },
              "required": [
                "ParseJSON_Content"
              ]
            }
          }
        }
      },
      "actions": {
        "GOODSMVT_ITEM": {
          "runAfter": {
            "Items": [
              "Succeeded"
            ]
          },
          "metadata": {
            "operationMetadataId": "67b60224-0f7c-4338-b520-808a2181795b"
          },
          "type": "Select",
          "inputs": {
            "from": "@variables('Items')",
            "select": {
              "PO_ITEM": "@formatNumber(int(item()?['Item']), 'D5')",
              "MATERIAL": "@if(isInt(item()?['Material']), formatNumber(int(item()?['Material']), 'D18'), item()?['Material'])",
              "PO_NUMBER": "@variables('Header')?['Order']",
              "ENTRY_QNT": "@float(item()?['Quantity'])",
              "ENTRY_UOM": "@item()?['Unit']",
              "PLANT": "@item()?['Plant']",
              "NO_MORE_GR": "X",
              "MOVE_TYPE": "101",
              "MVT_IND": "B",
              "STGE_LOC": "0001",
              "VENDOR": "@if(isInt(variables('Header')?['Vendor']), formatNumber(int(variables('Header')?['Vendor']), 'D10'), variables('Header')?['Vendor'])"
            }
          }
        },
        "Filter_Messages_for_Errors": {
          "runAfter": {
            "BAPI_GOODSMVT_CREATE": [
              "Succeeded"
            ]
          },
          "metadata": {
            "operationMetadataId": "314738ec-9d05-4ae3-b089-64259885fb43"
          },
          "type": "Query",
          "inputs": {
            "from": "@outputs('BAPI_GOODSMVT_CREATE')?['body/RETURN']",
            "where": "@equals(item()?['TYPE'], 'E')"
          }
        },
        "Success_Check": {
          "actions": {
            "Success_Response": {
              "runAfter": {},
              "metadata": {
                "operationMetadataId": "88ce5aac-9ebe-41ab-87a6-dea14c80f06e"
              },
              "type": "Response",
              "kind": "Http",
              "inputs": {
                "statusCode": 200,
                "body": {
                  "Status": "Success",
                  "Receipt": "@int(outputs('BAPI_GOODSMVT_CREATE')?['body/MATERIALDOCUMENT'])",
                  "Messages": [
                    {
                      "Message": "Goods receipt @{int(outputs('BAPI_GOODSMVT_CREATE')?['body/MATERIALDOCUMENT'])} was successfully created."
                    }
                  ]
                },
                "schema": {
                  "type": "object",
                  "properties": {
                    "Status": {
                      "type": "string"
                    },
                    "Receipt": {
                      "type": "integer"
                    },
                    "Messages": {
                      "type": "array",
                      "items": {
                        "type": "object",
                        "properties": {
                          "Message": {
                            "type": "string"
                          }
                        },
                        "required": [
                          "Message"
                        ]
                      }
                    }
                  }
                }
              }
            }
          },
          "runAfter": {
            "Filter_Messages_for_Errors": [
              "Succeeded"
            ]
          },
          "else": {
            "actions": {
              "Clean_Up_Error_Messages": {
                "runAfter": {},
                "metadata": {
                  "operationMetadataId": "3ac4404f-21c4-4bae-bac7-2525e23d910f"
                },
                "type": "Select",
                "inputs": {
                  "from": "@body('Filter_Messages_for_Errors')",
                  "select": {
                    "Message": "@item()?['MESSAGE']"
                  }
                }
              },
              "Failure_Response": {
                "runAfter": {
                  "Clean_Up_Error_Messages": [
                    "Succeeded"
                  ]
                },
                "metadata": {
                  "operationMetadataId": "0364356b-c5f6-40d1-89d8-d1e42b0df753"
                },
                "type": "Response",
                "kind": "Http",
                "inputs": {
                  "statusCode": 200,
                  "body": {
                    "Status": "Failure",
                    "Receipt": "",
                    "Messages": "@body('Clean_Up_Error_Messages')"
                  },
                  "schema": {
                    "type": "object",
                    "properties": {
                      "Status": {
                        "type": "string"
                      },
                      "Receipt": {
                        "type": "integer"
                      },
                      "Messages": {
                        "type": "array",
                        "items": {
                          "type": "object",
                          "properties": {
                            "Message": {
                              "type": "string"
                            }
                          },
                          "required": [
                            "Message"
                          ]
                        }
                      }
                    }
                  }
                }
              }
            }
          },
          "expression": {
            "equals": [
              "@length(outputs('Filter_Messages_for_Errors')?['body'])",
              0
            ]
          },
          "metadata": {
            "operationMetadataId": "e9efd70f-e739-4ab6-ad9b-90b1e544b087"
          },
          "type": "If"
        },
        "Parse_JSON": {
          "runAfter": {},
          "metadata": {
            "operationMetadataId": "12f0f586-4295-4bdd-8329-522cf48feb2c"
          },
          "type": "ParseJson",
          "inputs": {
            "content": "@triggerBody()['ParseJSON_Content']",
            "schema": {
              "type": "object",
              "properties": {
                "Header": {
                  "type": "array",
                  "items": {
                    "type": "object",
                    "properties": {
                      "Order": {
                        "type": "string"
                      },
                      "Vendor": {
                        "type": "string"
                      },
                      "DeliveryNote": {
                        "type": "string"
                      }
                    },
                    "required": [
                      "Order",
                      "Vendor",
                      "DeliveryNote"
                    ]
                  }
                },
                "Items": {
                  "type": "array",
                  "items": {
                    "type": "object",
                    "properties": {
                      "Plant": {
                        "type": "string"
                      },
                      "Material": {
                        "type": "string"
                      },
                      "Quantity": {
                        "type": "string"
                      },
                      "Item": {
                        "type": "integer"
                      },
                      "Unit": {
                        "type": "string"
                      }
                    },
                    "required": [
                      "Plant",
                      "Material",
                      "Quantity",
                      "Item",
                      "Unit"
                    ]
                  }
                }
              }
            }
          }
        },
        "Header": {
          "runAfter": {
            "Parse_JSON": [
              "Succeeded"
            ]
          },
          "metadata": {
            "operationMetadataId": "9ff541ac-a4ab-42ac-9bf7-e16613baffb2"
          },
          "type": "InitializeVariable",
          "inputs": {
            "variables": [
              {
                "name": "Header",
                "type": "object",
                "value": "@body('Parse_JSON')?['Header'][0]"
              }
            ]
          }
        },
        "Items": {
          "runAfter": {
            "Header": [
              "Succeeded"
            ]
          },
          "metadata": {
            "operationMetadataId": "ef67d094-fd3b-4c59-9ad2-25d35c9342f7"
          },
          "type": "InitializeVariable",
          "inputs": {
            "variables": [
              {
                "name": "Items",
                "type": "array",
                "value": "@body('Parse_JSON')?['Items']"
              }
            ]
          }
        },
        "BAPI_GOODSMVT_CREATE": {
          "runAfter": {
            "GOODSMVT_ITEM": [
              "Succeeded"
            ]
          },
          "metadata": {
            "operationMetadataId": "c1c36c99-bfbe-4568-9003-bfcbd1a76147"
          },
          "type": "OpenApiConnection",
          "inputs": {
            "host": {
              "connectionName": "shared_saperp",
              "operationId": "Invoke",
              "apiId": "/providers/Microsoft.PowerApps/apis/shared_saperp"
            },
            "parameters": {
              "AppServerHost": "@parameters('SAP Application Server (sap_SAPIPAddress)')",
              "Client": 100,
              "SystemNumber": "00",
              "function": "BAPI_GOODSMVT_CREATE",
              "isSessionStateful": "Yes",
              "UseSnc": false,
              "SncLibraryPath": "Optional",
              "SncSso": "Off",
              "SncMyName": "Optional",
              "SncPartnerName": "Optional",
              "SncQop": "Default",
              "functionInput/GOODSMVT_CODE/GM_CODE": "01",
              "functionInput/GOODSMVT_HEADER/PSTNG_DATE": "@formatDateTime(utcNow(), 'yyyyMMdd')",
              "functionInput/GOODSMVT_HEADER/DOC_DATE": "@formatDateTime(utcNow(), 'yyyyMMdd')",
              "functionInput/GOODSMVT_HEADER/HEADER_TXT": "@variables('Header')?['DeliveryNote']",
              "functionInput/GOODSMVT_ITEM": "@body('GOODSMVT_ITEM')"
            },
            "authentication": {
              "type": "Raw",
              "value": "@json(decodeBase64(triggerOutputs().headers['X-MS-APIM-Tokens']))['$ConnectionKey']"
            }
          }
        }
      }
    }
  },
  "schemaVersion": "1.0.0.0"
}