{
  "properties": {
    "connectionReferences": {
      "shared_commondataserviceforapps": {
        "runtimeSource": "embedded",
        "connection": {
          "connectionReferenceLogicalName": "sap_sharedcommondataserviceforapps_ef6e9"
        },
        "api": {
          "name": "shared_commondataserviceforapps"
        }
      },
      "shared_saperp_1": {
        "runtimeSource": "embedded",
        "connection": {
          "connectionReferenceLogicalName": "gilman_sharedsaperp_74c03"
        },
        "api": {
          "name": "shared_saperp"
        }
      },
      "shared_office365_1": {
        "runtimeSource": "embedded",
        "connection": {
          "connectionReferenceLogicalName": "sap_sharedoffice365_a9a84"
        },
        "api": {
          "name": "shared_office365"
        }
      }
    },
    "definition": {
      "$schema": "https://schema.management.azure.com/providers/Microsoft.Logic/schemas/2016-06-01/workflowdefinition.json#",
      "contentVersion": "1.0.0.0",
      "parameters": {
        "$connections": {
          "defaultValue": {},
          "type": "Object"
        },
        "$authentication": {
          "defaultValue": {},
          "type": "SecureObject"
        },
        "SAP Development (sap_SAPDevelopment)": {
          "defaultValue": "{\"AppServerHost\":\"sap.clearsoftware.com\",\"Client\":\"100\",\"SystemNumber\":\"00\",\"LogonType\":\"ApplicationServer\"}",
          "type": "String",
          "metadata": {
            "schemaName": "sap_SAPDevelopment"
          }
        }
      },
      "triggers": {
        "When_a_new_email_arrives_(V3)": {
          "splitOn": "@triggerOutputs()?['body/value']",
          "metadata": {
            "operationMetadataId": "77196930-0045-4edb-a15d-760e493e15f0"
          },
          "type": "OpenApiConnectionNotification",
          "inputs": {
            "host": {
              "connectionName": "shared_office365_1",
              "operationId": "OnNewEmailV3",
              "apiId": "/providers/Microsoft.PowerApps/apis/shared_office365"
            },
            "parameters": {
              "folderPath": "Inbox",
              "includeAttachments": true,
              "importance": "Any",
              "fetchOnlyWithAttachment": true
            },
            "authentication": "@parameters('$authentication')"
          }
        }
      },
      "actions": {
        "Filter_Messages_for_Errors": {
          "runAfter": {
            "BAPI_INCOMINGINVOICE_CREATE1": [
              "Succeeded"
            ]
          },
          "metadata": {
            "operationMetadataId": "314738ec-9d05-4ae3-b089-64259885fb43"
          },
          "type": "Query",
          "inputs": {
            "from": "@outputs('BAPI_INCOMINGINVOICE_CREATE1')?['body/RETURN']",
            "where": "@equals(item()?['TYPE'], 'E')"
          }
        },
        "Success_Check": {
          "actions": {},
          "runAfter": {
            "Filter_Messages_for_Errors": [
              "Succeeded"
            ]
          },
          "else": {
            "actions": {
              "Clean_Up_Error_Messages": {
                "runAfter": {},
                "metadata": {
                  "operationMetadataId": "3ac4404f-21c4-4bae-bac7-2525e23d910f"
                },
                "type": "Select",
                "inputs": {
                  "from": "@body('Filter_Messages_for_Errors')",
                  "select": {
                    "Message": "@item()?['MESSAGE']"
                  }
                }
              }
            }
          },
          "expression": {
            "equals": [
              "@length(outputs('Filter_Messages_for_Errors')?['body'])",
              0
            ]
          },
          "metadata": {
            "operationMetadataId": "e9efd70f-e739-4ab6-ad9b-90b1e544b087"
          },
          "type": "If"
        },
        "Map_ITEMDATA": {
          "runAfter": {
            "Initialize_HEADERDATA": [
              "Succeeded"
            ]
          },
          "metadata": {
            "operationMetadataId": "67b60224-0f7c-4338-b520-808a2181795b"
          },
          "type": "Select",
          "inputs": {
            "from": "@variables('Items')",
            "select": {
              "PO_ITEM": "@formatNumber(int(item()?['Item']), 'D5')",
              "QUANTITY": "@item()?['Quantity']",
              "PO_UNIT": "@item()?['Unit']",
              "INVOICE_DOC_ITEM": "@formatNumber(int(item()?['Item']), 'D5')",
              "ITEM_TEXT": "@item()?['Description']",
              "PO_NUMBER": "@if(isInt(variables('Header')?['Order']), formatNumber(int(variables('Header')?['Order']), 'D10'), variables('Header')?['Order'])",
              "TAX_CODE": "U0",
              "TAXJURCODE": "IN0000000",
              "ITEM_AMOUNT": "@replace(item()?['TotalPrice'], '$', '')"
            }
          }
        },
        "Initialize_HEADERDATA": {
          "runAfter": {
            "BAPI_PO_GETDETAIL1": [
              "Succeeded"
            ]
          },
          "metadata": {
            "operationMetadataId": "6cbfab8f-a161-42d5-9e57-30c613507fb2"
          },
          "type": "InitializeVariable",
          "inputs": {
            "variables": [
              {
                "name": "HEADERDATA",
                "type": "object",
                "value": {
                  "INVOICE_IND": "X",
                  "DIFF_INV": "@outputs('BAPI_PO_GETDETAIL1')?['body/POHEADER/VENDOR']",
                  "DOC_TYPE": "RE",
                  "COMP_CODE": "@outputs('BAPI_PO_GETDETAIL1')?['body/POHEADER/COMP_CODE']",
                  "CURRENCY": "@outputs('BAPI_PO_GETDETAIL1')?['body/POHEADER/CURRENCY']",
                  "PSTNG_DATE": "@formatDateTime(utcNow(), 'yyyy-MM-dd')",
                  "DOC_DATE": "@formatDateTime(utcNow(), 'yyyy-MM-dd')",
                  "GROSS_AMOUNT": "@replace(variables('Header')?['TotalPrice'], '$', '')",
                  "PYMT_METH": "C",
                  "BLINE_DATE": "@formatDateTime(addDays(utcNow(), 30), 'yyyyMMdd')"
                }
              }
            ]
          }
        },
        "Apply_to_each_ATTACHMENT": {
          "foreach": "@triggerOutputs()?['body/attachments']",
          "actions": {
            "Set_HEADER": {
              "runAfter": {
                "Extract_information_from_documents": [
                  "Succeeded"
                ]
              },
              "metadata": {
                "operationMetadataId": "0458f8c4-07c5-4aa8-8859-cbf76b56bbfd"
              },
              "type": "SetVariable",
              "inputs": {
                "name": "Header",
                "value": {
                  "Order": "@{outputs('Extract_information_from_documents')?['body/responsev2/predictionOutput/labels/Purchasefde8baa4a8e290d7b5d4d9423a94c5cd/value']}",
                  "TotalPrice": "@{outputs('Extract_information_from_documents')?['body/responsev2/predictionOutput/labels/Invoice_b351ae0d8b448982c6096ab97b913c00/value']}"
                }
              }
            },
            "Apply_to_each_ITEM": {
              "foreach": "@outputs('Extract_information_from_documents')?['body/responsev2/predictionOutput/tables/Line_002c4c000ecca1425339a1236283c48d2bc/entries']",
              "actions": {
                "Append_to_ITEMS": {
                  "runAfter": {},
                  "metadata": {
                    "operationMetadataId": "343759c2-d1ce-4338-b5e9-71b464d43ef9"
                  },
                  "type": "AppendToArrayVariable",
                  "inputs": {
                    "name": "Items",
                    "value": {
                      "Description": "@{items('Apply_to_each_ITEM')?['Description/value']}",
                      "Quantity": "@{items('Apply_to_each_ITEM')?['Quantity/value']}",
                      "Item": "@{items('Apply_to_each_ITEM')?['Item_002f7b4556177d1215c5fcedd1489b625ef/value']}",
                      "Unit": "@{items('Apply_to_each_ITEM')?['Unit/value']}",
                      "TotalPrice": "@{items('Apply_to_each_ITEM')?['Total/value']}"
                    }
                  }
                }
              },
              "runAfter": {
                "Set_HEADER": [
                  "Succeeded"
                ]
              },
              "metadata": {
                "operationMetadataId": "8276cdfa-9df7-44d0-9ef4-5b4b607abf78"
              },
              "type": "Foreach"
            },
            "Extract_information_from_documents": {
              "runAfter": {},
              "metadata": {
                "operationMetadataId": "32f45b95-fe25-4e38-8b0f-1d1bd523282c",
                "flowSystemMetadata": {
                  "portalOperationId": "aibuilderpredict_formsprocessing",
                  "portalOperationGroup": "aibuilder",
                  "portalOperationApiDisplayNameOverride": "AI Builder",
                  "portalOperationIconOverride": "https://psuxemea.azureedge.net/Content/Images/DesignerOperations/aiBuilderNew.png",
                  "portalOperationBrandColorOverride": "#0A76C4",
                  "portalOperationApiTierOverride": "Standard"
                }
              },
              "type": "OpenApiConnection",
              "inputs": {
                "host": {
                  "connectionName": "shared_commondataserviceforapps",
                  "operationId": "aibuilderpredict_formsprocessing",
                  "apiId": "/providers/Microsoft.PowerApps/apis/shared_commondataserviceforapps"
                },
                "parameters": {
                  "recordId": "da8cd5b3-f48d-42a4-8cb0-ed5c46ac391e",
                  "item/requestv2/mimeType": "application/pdf",
                  "item/requestv2/base64Encoded": "@items('Apply_to_each_ATTACHMENT')?['contentBytes']"
                },
                "authentication": "@parameters('$authentication')"
              }
            }
          },
          "runAfter": {
            "Initialize_ITEMS": [
              "Succeeded"
            ]
          },
          "metadata": {
            "operationMetadataId": "1690b827-e2cc-4c5b-8e7b-6edceb4118f0"
          },
          "type": "Foreach"
        },
        "Initialize_HEADER": {
          "runAfter": {},
          "metadata": {
            "operationMetadataId": "9ff541ac-a4ab-42ac-9bf7-e16613baffb2"
          },
          "type": "InitializeVariable",
          "inputs": {
            "variables": [
              {
                "name": "Header",
                "type": "object",
                "value": {}
              }
            ]
          }
        },
        "Initialize_ITEMS": {
          "runAfter": {
            "Initialize_HEADER": [
              "Succeeded"
            ]
          },
          "metadata": {
            "operationMetadataId": "ef67d094-fd3b-4c59-9ad2-25d35c9342f7"
          },
          "type": "InitializeVariable",
          "inputs": {
            "variables": [
              {
                "name": "Items",
                "type": "array",
                "value": []
              }
            ]
          }
        },
        "BAPI_PO_GETDETAIL1": {
          "runAfter": {
            "Apply_to_each_ATTACHMENT": [
              "Succeeded"
            ]
          },
          "metadata": {
            "operationMetadataId": "c4a951cf-cc55-4699-98c9-a587c7379ccf"
          },
          "type": "OpenApiConnection",
          "inputs": {
            "host": {
              "connectionName": "shared_saperp_1",
              "operationId": "CallRfcJson",
              "apiId": "/providers/Microsoft.PowerApps/apis/shared_saperp"
            },
            "parameters": {
              "x-ms-sap-system": "@parameters('SAP Development (sap_SAPDevelopment)')",
              "rfcName": "BAPI_PO_GETDETAIL1:Detail Information for a Purchase Order:2012",
              "rfcGroupFilter": "*",
              "autoCommit": true,
              "rfcInputs/PURCHASEORDER": "@if(isInt(variables('Header')?['Order']), formatNumber(int(variables('Header')?['Order']), 'D10'), variables('Header')?['Order'])"
            },
            "authentication": "@parameters('$authentication')"
          }
        },
        "BAPI_INCOMINGINVOICE_CREATE1": {
          "runAfter": {
            "Map_ITEMDATA": [
              "Succeeded"
            ]
          },
          "metadata": {
            "operationMetadataId": "f1e08c04-1926-4744-a8a0-d0a42db2f7df"
          },
          "type": "OpenApiConnection",
          "inputs": {
            "host": {
              "connectionName": "shared_saperp_1",
              "operationId": "CallRfcJson",
              "apiId": "/providers/Microsoft.PowerApps/apis/shared_saperp"
            },
            "parameters": {
              "x-ms-sap-system": "@parameters('SAP Development (sap_SAPDevelopment)')",
              "rfcName": "BAPI_INCOMINGINVOICE_CREATE1:Invoice Verification: Hold/ Park/ Park As Complete/ Post Incoming Invoice:MRM_BAPI",
              "rfcGroupFilter": "*",
              "autoCommit": true,
              "rfcInputs/HEADERDATA/INVOICE_IND": "@variables('HEADERDATA')?['INVOICE_IND']",
              "rfcInputs/HEADERDATA/DOC_TYPE": "@variables('HEADERDATA')?['DOC_TYPE']",
              "rfcInputs/HEADERDATA/DOC_DATE": "@variables('HEADERDATA')?['DOC_DATE']",
              "rfcInputs/HEADERDATA/PSTNG_DATE": "@variables('HEADERDATA')?['PSTNG_DATE']",
              "rfcInputs/HEADERDATA/COMP_CODE": "@variables('HEADERDATA')?['COMP_CODE']",
              "rfcInputs/HEADERDATA/DIFF_INV": "@variables('HEADERDATA')?['DIFF_INV']",
              "rfcInputs/HEADERDATA/CURRENCY": "@variables('HEADERDATA')?['CURRENCY']",
              "rfcInputs/HEADERDATA/GROSS_AMOUNT": "@variables('HEADERDATA')?['GROSS_AMOUNT']",
              "rfcInputs/HEADERDATA/BLINE_DATE": "@variables('HEADERDATA')?['BLINE_DATE']",
              "rfcInputs/HEADERDATA/PYMT_METH": "@variables('HEADERDATA')?['PYMT_METH']",
              "rfcInputs/INVOICESTATUS": "A",
              "rfcInputs/ITEMDATA": "@body('Map_ITEMDATA')"
            },
            "authentication": "@parameters('$authentication')"
          }
        }
      }
    },
    "templateName": ""
  },
  "schemaVersion": "1.0.0.0"
}