{
  "properties": {
    "connectionReferences": {
      "shared_saperp": {
        "runtimeSource": "invoker",
        "connection": {
          "connectionReferenceLogicalName": "gilman_sharedsaperp_74c03"
        },
        "api": {
          "name": "shared_saperp"
        }
      }
    },
    "definition": {
      "$schema": "https://schema.management.azure.com/providers/Microsoft.Logic/schemas/2016-06-01/workflowdefinition.json#",
      "contentVersion": "1.0.0.0",
      "parameters": {
        "$connections": {
          "defaultValue": {},
          "type": "Object"
        },
        "$authentication": {
          "defaultValue": {},
          "type": "SecureObject"
        }
      },
      "triggers": {
        "manual": {
          "metadata": {
            "operationMetadataId": "507ad2fb-9787-48cd-959b-8cdb40cd46d5"
          },
          "type": "Request",
          "kind": "PowerApp",
          "inputs": {
            "schema": {
              "type": "object",
              "properties": {
                "ParseJSON_Content": {
                  "type": "any",
                  "x-ms-powerflows-param-ispartial": false
                }
              },
              "required": [
                "ParseJSON_Content"
              ]
            }
          }
        }
      },
      "actions": {
        "SO_DOCUMENT_DELETE_API1": {
          "runAfter": {
            "Parse_JSON": [
              "Succeeded"
            ]
          },
          "metadata": {
            "operationMetadataId": "952ba2db-8efd-46b8-a02a-9e62013bdd1e"
          },
          "type": "OpenApiConnection",
          "inputs": {
            "host": {
              "connectionName": "shared_saperp",
              "operationId": "Invoke",
              "apiId": "/providers/Microsoft.PowerApps/apis/shared_saperp"
            },
            "parameters": {
              "AppServerHost": "sap.clearsoftware.com",
              "Client": 100,
              "SystemNumber": "00",
              "function": "SO_DOCUMENT_DELETE_API1",
              "isSessionStateful": "Yes",
              "UseSnc": false,
              "SncLibraryPath": "Optional",
              "SncSso": "Off",
              "SncMyName": "Optional",
              "SncPartnerName": "Optional",
              "SncQop": "Default",
              "functionInput/DOCUMENT_ID": "@body('Parse_JSON')?['DocumentId']",
              "functionInput/PUT_IN_TRASH": "X",
              "functionInput/UNREAD_DELETE": "X"
            },
            "authentication": {
              "type": "Raw",
              "value": "@json(decodeBase64(triggerOutputs().headers['X-MS-APIM-Tokens']))['$ConnectionKey']"
            }
          }
        },
        "Response": {
          "runAfter": {
            "BINARY_RELATION_DELETE_COMMIT": [
              "Succeeded"
            ]
          },
          "metadata": {
            "operationMetadataId": "3acb6b71-7516-4f46-82a7-fe87c0f4120b"
          },
          "type": "Response",
          "kind": "Http",
          "inputs": {
            "statusCode": 200,
            "body": {
              "Messages": [
                {
                  "Message": "Document was successfully deleted."
                }
              ]
            },
            "schema": {
              "type": "object",
              "properties": {
                "List": {
                  "type": "array",
                  "items": {
                    "type": "object",
                    "properties": {
                      "Name": {
                        "type": "string"
                      },
                      "CreatedBy": {
                        "type": "string"
                      },
                      "Id": {
                        "type": "string"
                      },
                      "CreatedOn": {
                        "type": "string"
                      },
                      "Type": {
                        "type": "string"
                      },
                      "ObjectType": {
                        "type": "string"
                      },
                      "ObjectId": {
                        "type": "string"
                      }
                    },
                    "required": [
                      "Name",
                      "CreatedBy",
                      "Id",
                      "CreatedOn",
                      "Type",
                      "ObjectType",
                      "ObjectId"
                    ]
                  }
                },
                "Messages": {
                  "type": "array",
                  "items": {
                    "type": "object",
                    "properties": {
                      "Message": {
                        "type": "string"
                      }
                    },
                    "required": [
                      "Message"
                    ]
                  }
                }
              }
            }
          }
        },
        "Parse_JSON": {
          "runAfter": {},
          "metadata": {
            "operationMetadataId": "12f0f586-4295-4bdd-8329-522cf48feb2c"
          },
          "type": "ParseJson",
          "inputs": {
            "content": "@triggerBody()['ParseJSON_Content']",
            "schema": {
              "type": "object",
              "properties": {
                "ObjectType": {
                  "type": "string"
                },
                "ObjectId": {
                  "type": "string"
                },
                "DocumentId": {
                  "type": "string"
                }
              }
            }
          }
        },
        "BINARY_RELATION_DELETE_COMMIT": {
          "runAfter": {
            "SO_DOCUMENT_DELETE_API1": [
              "Succeeded"
            ]
          },
          "metadata": {
            "operationMetadataId": "952ba2db-8efd-46b8-a02a-9e62013bdd1e"
          },
          "type": "OpenApiConnection",
          "inputs": {
            "host": {
              "connectionName": "shared_saperp",
              "operationId": "Invoke",
              "apiId": "/providers/Microsoft.PowerApps/apis/shared_saperp"
            },
            "parameters": {
              "AppServerHost": "sap.clearsoftware.com",
              "Client": 100,
              "SystemNumber": "00",
              "function": "BINARY_RELATION_DELETE_COMMIT",
              "isSessionStateful": "Yes",
              "UseSnc": false,
              "SncLibraryPath": "Optional",
              "SncSso": "Off",
              "SncMyName": "Optional",
              "SncPartnerName": "Optional",
              "SncQop": "Default",
              "functionInput/OBJ_ROLEA/OBJKEY": "@body('Parse_JSON')?['ObjectId']",
              "functionInput/OBJ_ROLEA/OBJTYPE": "@body('Parse_JSON')?['ObjectType']",
              "functionInput/OBJ_ROLEB/OBJKEY": "@body('Parse_JSON')?['DocumentId']",
              "functionInput/OBJ_ROLEB/OBJTYPE": "MESSAGE",
              "functionInput/RELATIONTYPE": "ATTA"
            },
            "authentication": {
              "type": "Raw",
              "value": "@json(decodeBase64(triggerOutputs().headers['X-MS-APIM-Tokens']))['$ConnectionKey']"
            }
          }
        }
      }
    }
  },
  "schemaVersion": "1.0.0.0"
}