{
  "properties": {
    "connectionReferences": {
      "shared_saperp": {
        "runtimeSource": "invoker",
        "connection": {
          "connectionReferenceLogicalName": "gilman_sharedsaperp_74c03"
        },
        "api": {
          "name": "shared_saperp"
        }
      }
    },
    "definition": {
      "$schema": "https://schema.management.azure.com/providers/Microsoft.Logic/schemas/2016-06-01/workflowdefinition.json#",
      "contentVersion": "1.0.0.0",
      "parameters": {
        "$connections": {
          "defaultValue": {},
          "type": "Object"
        },
        "$authentication": {
          "defaultValue": {},
          "type": "SecureObject"
        }
      },
      "triggers": {
        "manual": {
          "metadata": {
            "operationMetadataId": "4444cada-8cb8-4b38-b819-6b24dd834571"
          },
          "type": "Request",
          "kind": "PowerApp",
          "inputs": {
            "schema": {
              "type": "object",
              "properties": {
                "ParseJSON_Content": {
                  "type": "any",
                  "x-ms-powerflows-param-ispartial": false
                }
              },
              "required": [
                "ParseJSON_Content"
              ]
            }
          }
        }
      },
      "actions": {
        "Call_SAP_function": {
          "runAfter": {
            "Parse_JSON": [
              "Succeeded"
            ]
          },
          "metadata": {
            "operationMetadataId": "952ba2db-8efd-46b8-a02a-9e62013bdd1e"
          },
          "type": "OpenApiConnection",
          "inputs": {
            "host": {
              "connectionName": "shared_saperp",
              "operationId": "Invoke",
              "apiId": "/providers/Microsoft.PowerApps/apis/shared_saperp"
            },
            "parameters": {
              "AppServerHost": "sap.clearsoftware.com",
              "Client": 100,
              "SystemNumber": "00",
              "function": "GOS_API_GET_ATTA_LIST",
              "isSessionStateful": "Yes",
              "UseSnc": false,
              "SncLibraryPath": "Optional",
              "SncSso": "Off",
              "SncMyName": "Optional",
              "SncPartnerName": "Optional",
              "SncQop": "Default",
              "functionInput/IS_OBJECT/INSTID": "@body('Parse_JSON')?['ObjectId']",
              "functionInput/IS_OBJECT/TYPEID": "@body('Parse_JSON')?['ObjectType']",
              "functionInput/IS_OBJECT/CATID": "BO",
              "functionInput/IT_FILTER": [
                {
                  "": "ATTACHMENT"
                }
              ]
            },
            "authentication": {
              "type": "Raw",
              "value": "@json(decodeBase64(triggerOutputs().headers['X-MS-APIM-Tokens']))['$ConnectionKey']"
            }
          }
        },
        "Response": {
          "runAfter": {
            "Parse_Results": [
              "Succeeded"
            ]
          },
          "metadata": {
            "operationMetadataId": "3acb6b71-7516-4f46-82a7-fe87c0f4120b"
          },
          "type": "Response",
          "kind": "Http",
          "inputs": {
            "statusCode": 200,
            "body": {
              "List": "@body('Parse_Results')",
              "Messages": [
                {
                  "Message": "@{length(body('Parse_Results'))} attachment(s) found."
                }
              ]
            },
            "schema": {
              "type": "object",
              "properties": {
                "List": {
                  "type": "array",
                  "items": {
                    "type": "object",
                    "properties": {
                      "Name": {
                        "type": "string"
                      },
                      "CreatedBy": {
                        "type": "string"
                      },
                      "Id": {
                        "type": "string"
                      },
                      "CreatedOn": {
                        "type": "string"
                      },
                      "Type": {
                        "type": "string"
                      },
                      "ObjectType": {
                        "type": "string"
                      },
                      "ObjectId": {
                        "type": "string"
                      }
                    },
                    "required": [
                      "Name",
                      "CreatedBy",
                      "Id",
                      "CreatedOn",
                      "Type",
                      "ObjectType",
                      "ObjectId"
                    ]
                  }
                },
                "Messages": {
                  "type": "array",
                  "items": {
                    "type": "object",
                    "properties": {
                      "Message": {
                        "type": "string"
                      }
                    },
                    "required": [
                      "Message"
                    ]
                  }
                }
              }
            }
          }
        },
        "Parse_Results": {
          "runAfter": {
            "Call_SAP_function": [
              "Succeeded"
            ]
          },
          "metadata": {
            "operationMetadataId": "1b6bca22-43e9-4127-b6e9-0476b16ae1cf"
          },
          "type": "Select",
          "inputs": {
            "from": "@outputs('Call_SAP_function')?['body/ET_ATTA']",
            "select": {
              "Name": "@item()?['DESCR']",
              "CreatedBy": "@item()?['CR_NAME']",
              "Id": "@item()?['ATTA_ID']",
              "CreatedOn": "@item()?['CR_DATE']",
              "Type": "@toLower(item()?['TECH_TYPE'])",
              "ObjectType": "@body('Parse_JSON')?['ObjectType']",
              "ObjectId": "@body('Parse_JSON')?['ObjectId']"
            }
          }
        },
        "Parse_JSON": {
          "runAfter": {},
          "metadata": {
            "operationMetadataId": "12f0f586-4295-4bdd-8329-522cf48feb2c"
          },
          "type": "ParseJson",
          "inputs": {
            "content": "@triggerBody()['ParseJSON_Content']",
            "schema": {
              "type": "object",
              "properties": {
                "ObjectType": {
                  "type": "string"
                },
                "ObjectId": {
                  "type": "string"
                }
              }
            }
          }
        }
      }
    }
  },
  "schemaVersion": "1.0.0.0"
}