{
  "properties": {
    "connectionReferences": {
      "shared_saperppreview": {
        "runtimeSource": "invoker",
        "connection": {
          "connectionReferenceLogicalName": "sap_sharedsaperppreview_a2c25"
        },
        "api": {
          "name": "shared_saperppreview"
        }
      }
    },
    "definition": {
      "$schema": "https://schema.management.azure.com/providers/Microsoft.Logic/schemas/2016-06-01/workflowdefinition.json#",
      "contentVersion": "1.0.0.0",
      "parameters": {
        "$connections": {
          "defaultValue": {},
          "type": "Object"
        },
        "$authentication": {
          "defaultValue": {},
          "type": "SecureObject"
        },
        "SAP Development (sap_SAPDevelopment)": {
          "defaultValue": "{\"AppServerHost\":\"sap.clearsoftware.com\",\"Client\":\"100\",\"SystemNumber\":\"00\",\"LogonType\":\"ApplicationServer\"}",
          "type": "String",
          "metadata": {
            "schemaName": "sap_SAPDevelopment"
          }
        }
      },
      "triggers": {
        "manual": {
          "metadata": {
            "operationMetadataId": "c184e5e5-0ce5-4932-9b7b-4257abd8582e"
          },
          "type": "Request",
          "kind": "PowerApp",
          "inputs": {
            "schema": {
              "type": "object",
              "properties": {
                "ParseJSON_Content": {
                  "type": "any",
                  "x-ms-powerflows-param-ispartial": false
                }
              },
              "required": [
                "ParseJSON_Content"
              ]
            }
          }
        }
      },
      "actions": {
        "Response": {
          "runAfter": {
            "Parse_List": [
              "Succeeded"
            ]
          },
          "metadata": {
            "operationMetadataId": "3acb6b71-7516-4f46-82a7-fe87c0f4120b"
          },
          "type": "Response",
          "kind": "Http",
          "inputs": {
            "statusCode": 200,
            "body": {
              "List": "@body('Parse_List')",
              "Messages": [
                {
                  "Message": "@{length(body('Parse_List'))} customer(s) found based on your search criteria."
                }
              ]
            },
            "schema": {
              "type": "object",
              "properties": {
                "List": {
                  "type": "array",
                  "items": {
                    "type": "object",
                    "properties": {
                      "Customer": {
                        "type": "string"
                      },
                      "Country": {
                        "type": "string"
                      },
                      "Name": {
                        "type": "string"
                      },
                      "City": {
                        "type": "string"
                      },
                      "PostalCode": {
                        "type": "string"
                      },
                      "Street": {
                        "type": "string"
                      },
                      "Region": {
                        "type": "string"
                      }
                    },
                    "required": [
                      "Customer",
                      "Country",
                      "Name",
                      "City",
                      "PostalCode",
                      "Street",
                      "Region"
                    ]
                  }
                },
                "Messages": {
                  "type": "array",
                  "items": {
                    "type": "object",
                    "properties": {
                      "Message": {
                        "type": "string"
                      }
                    },
                    "required": [
                      "Message"
                    ]
                  }
                }
              }
            }
          }
        },
        "Parse_List": {
          "runAfter": {
            "SAP_Query": [
              "Succeeded"
            ]
          },
          "metadata": {
            "operationMetadataId": "6003c2e5-4622-4651-a22c-4f9c695bbac0"
          },
          "type": "Select",
          "inputs": {
            "from": "@outputs('SAP_Query')?['body/Rows']",
            "select": {
              "Customer": "@if(isInt(item()?['KUNNR']), string(int(item()?['KUNNR'])), item()?['KUNNR'])",
              "Country": "@item()?['LAND1']",
              "Name": "@item()?['NAME1']",
              "City": "@item()?['ORT01']",
              "PostalCode": "@item()?['PSTLZ']",
              "Street": "@item()?['STRAS']",
              "Region": "@item()?['REGIO']"
            }
          }
        },
        "Parse_JSON": {
          "runAfter": {},
          "metadata": {
            "operationMetadataId": "12f0f586-4295-4bdd-8329-522cf48feb2c"
          },
          "type": "ParseJson",
          "inputs": {
            "content": "@triggerBody()['ParseJSON_Content']",
            "schema": {
              "type": "object",
              "properties": {
                "Name": {
                  "type": "string"
                },
                "Street": {
                  "type": "string"
                },
                "City": {
                  "type": "string"
                },
                "Region": {
                  "type": "string"
                },
                "PostalCode": {
                  "type": "string"
                },
                "Country": {
                  "type": "string"
                }
              }
            }
          }
        },
        "Criteria": {
          "runAfter": {
            "Parse_JSON": [
              "Succeeded"
            ]
          },
          "metadata": {
            "operationMetadataId": "6cbfab8f-a161-42d5-9e57-30c613507fb2"
          },
          "type": "InitializeVariable",
          "inputs": {
            "variables": [
              {
                "name": "Criteria",
                "type": "array",
                "value": [
                  "MANDT = '100'",
                  "AND NAME1 LIKE '%@{body('Parse_JSON')?['Name']}%'",
                  "AND STRAS LIKE '%@{body('Parse_JSON')?['Street']}%'",
                  "AND ORT01 LIKE '%@{body('Parse_JSON')?['City']}%'",
                  "AND REGIO LIKE '%@{body('Parse_JSON')?['Region']}%'",
                  "AND PSTLZ LIKE '%@{body('Parse_JSON')?['PostalCode']}%'",
                  "AND LAND1 LIKE '%@{body('Parse_JSON')?['Country']}%'"
                ]
              }
            ]
          }
        },
        "SAP_Query": {
          "runAfter": {
            "Criteria": [
              "Succeeded"
            ]
          },
          "metadata": {
            "operationMetadataId": "c4a951cf-cc55-4699-98c9-a587c7379ccf"
          },
          "type": "OpenApiConnection",
          "inputs": {
            "host": {
              "connectionName": "shared_saperppreview",
              "operationId": "ReadTableVersion3",
              "apiId": "/providers/Microsoft.PowerApps/apis/shared_saperppreview"
            },
            "parameters": {
              "x-ms-sap-system": "@parameters('SAP Development (sap_SAPDevelopment)')",
              "inputParameters/tableName": "KNA1",
              "inputParameters/FieldNames": [
                "KUNNR",
                "LAND1",
                "NAME1",
                "ORT01",
                "PSTLZ",
                "STRAS",
                "REGIO"
              ],
              "inputParameters/RowCount": 9999,
              "inputParameters/WhereFilters": "@variables('Criteria')"
            },
            "authentication": {
              "type": "Raw",
              "value": "@json(decodeBase64(triggerOutputs().headers['X-MS-APIM-Tokens']))['$ConnectionKey']"
            }
          }
        }
      }
    }
  },
  "schemaVersion": "1.0.0.0"
}