{
  "properties": {
    "connectionReferences": {
      "shared_commondataserviceforapps_1": {
        "runtimeSource": "embedded",
        "connection": {
          "connectionReferenceLogicalName": "mpa_SAPDataverse"
        },
        "api": {
          "name": "shared_commondataserviceforapps"
        }
      },
      "shared_saperp_1": {
        "runtimeSource": "embedded",
        "connection": {
          "connectionReferenceLogicalName": "mpa_SAPERP"
        },
        "api": {
          "name": "shared_saperp"
        }
      },
      "shared_office365_1": {
        "runtimeSource": "embedded",
        "connection": {
          "connectionReferenceLogicalName": "sap_sharedoffice365_a9a84"
        },
        "api": {
          "name": "shared_office365"
        }
      },
      "shared_office365users_1": {
        "runtimeSource": "embedded",
        "connection": {
          "connectionReferenceLogicalName": "mpa_Office365Connection"
        },
        "api": {
          "name": "shared_office365users"
        }
      }
    },
    "definition": {
      "$schema": "https://schema.management.azure.com/providers/Microsoft.Logic/schemas/2016-06-01/workflowdefinition.json#",
      "contentVersion": "1.0.0.0",
      "parameters": {
        "$connections": {
          "defaultValue": {},
          "type": "Object"
        },
        "$authentication": {
          "defaultValue": {},
          "type": "SecureObject"
        },
        "SAP Application Server (mpa_SAPApplicationServer)": {
          "defaultValue": "{\"AppServerHost\":\"10.0.0.10\",\"Client\":\"800\",\"SystemNumber\":\"00\",\"LogonType\":\"ApplicationServer\"}",
          "type": "String",
          "metadata": {
            "schemaName": "mpa_SAPApplicationServer",
            "description": "JSON string that contains system parameters, host, system number, client, etc."
          }
        }
      },
      "triggers": {
        "When_a_row_is_added,_modified_or_deleted": {
          "metadata": {
            "operationMetadataId": "79718f5b-43b5-4ffa-8ae4-492f720265aa"
          },
          "type": "OpenApiConnectionWebhook",
          "inputs": {
            "host": {
              "connectionName": "shared_commondataserviceforapps_1",
              "operationId": "SubscribeWebhookTrigger",
              "apiId": "/providers/Microsoft.PowerApps/apis/shared_commondataserviceforapps"
            },
            "parameters": {
              "subscriptionRequest/message": 3,
              "subscriptionRequest/entityname": "mpa_sapmassupdate",
              "subscriptionRequest/scope": 4,
              "subscriptionRequest/filterexpression": "mpa_flow eq 'CreateJournalEntry' and mpa_sapstatus eq 'Submitted'"
            },
            "authentication": "@parameters('$authentication')"
          },
          "runtimeConfiguration": {
            "concurrency": {
              "runs": 100
            }
          }
        }
      },
      "actions": {
        "Parse_JSON": {
          "runAfter": {},
          "metadata": {
            "operationMetadataId": "12f0f586-4295-4bdd-8329-522cf48feb2c"
          },
          "type": "ParseJson",
          "inputs": {
            "content": "@triggerOutputs()?['body/mpa_payload']",
            "schema": {
              "type": "object",
              "properties": {
                "DocumentType": {
                  "type": "string"
                },
                "CompanyCode": {
                  "type": "string"
                },
                "DocumentDate": {
                  "type": "string"
                },
                "PostingDate": {
                  "type": "string"
                },
                "Currency": {
                  "type": "string"
                },
                "DocHeaderText": {
                  "type": "string"
                },
                "DebitAccount": {
                  "type": "string"
                },
                "DebitLineText": {
                  "type": "string"
                },
                "CreditAccount": {
                  "type": "string"
                },
                "CreditLineText": {
                  "type": "string"
                },
                "Amount": {
                  "type": "string"
                },
                "CreditCostCenter": {
                  "type": "string"
                },
                "DebitCostCenter": {
                  "type": "string"
                }
              }
            }
          }
        },
        "Initialize_User": {
          "runAfter": {
            "Initialize_SAPErrorMessage": [
              "Succeeded"
            ]
          },
          "metadata": {
            "operationMetadataId": "6a719e88-e52c-419c-a627-fde77988c5c1"
          },
          "type": "InitializeVariable",
          "inputs": {
            "variables": [
              {
                "name": "User",
                "type": "string"
              }
            ]
          }
        },
        "Initialize_SAPErrorMessage": {
          "runAfter": {
            "Parse_JSON": [
              "Succeeded"
            ]
          },
          "metadata": {
            "operationMetadataId": "6a6087f9-b1aa-4966-9ea5-0f695d638f87"
          },
          "type": "InitializeVariable",
          "inputs": {
            "variables": [
              {
                "name": "SAPErrorMessage",
                "type": "string"
              }
            ]
          }
        },
        "Try": {
          "actions": {
            "Success_Check": {
              "actions": {
                "Update_Record_with_Success_Message": {
                  "runAfter": {},
                  "metadata": {
                    "operationMetadataId": "f782fad2-b4ba-43a8-b378-70af0fb8aed6"
                  },
                  "type": "OpenApiConnection",
                  "inputs": {
                    "host": {
                      "connectionName": "shared_commondataserviceforapps_1",
                      "operationId": "UpdateOnlyRecord",
                      "apiId": "/providers/Microsoft.PowerApps/apis/shared_commondataserviceforapps"
                    },
                    "parameters": {
                      "entityName": "mpa_sapmassupdates",
                      "recordId": "@triggerOutputs()?['body/mpa_sapmassupdateid']",
                      "item/mpa_sapmessage": "Document posted successfully.",
                      "item/mpa_sapidoc": "@string(int(substring(outputs('BAPI_ACC_DOCUMENT_POST')?['body/OBJ_KEY'],0,10)))",
                      "item/mpa_sapstatus": "Posted"
                    },
                    "authentication": "@parameters('$authentication')"
                  }
                }
              },
              "runAfter": {
                "Filter_Messages_for_Errors": [
                  "Succeeded"
                ]
              },
              "else": {
                "actions": {
                  "Clean_Up_Error_Messages": {
                    "runAfter": {},
                    "metadata": {
                      "operationMetadataId": "3ac4404f-21c4-4bae-bac7-2525e23d910f"
                    },
                    "type": "Select",
                    "inputs": {
                      "from": "@body('Filter_Messages_for_Errors')",
                      "select": "@item()?['MESSAGE']"
                    }
                  },
                  "Update_Record_with_Error_Message": {
                    "runAfter": {
                      "Clean_Up_Error_Messages": [
                        "Succeeded"
                      ]
                    },
                    "metadata": {
                      "operationMetadataId": "8fe4b72e-7418-440d-ae53-cdddc41f0534"
                    },
                    "type": "OpenApiConnection",
                    "inputs": {
                      "host": {
                        "connectionName": "shared_commondataserviceforapps_1",
                        "operationId": "UpdateOnlyRecord",
                        "apiId": "/providers/Microsoft.PowerApps/apis/shared_commondataserviceforapps"
                      },
                      "parameters": {
                        "entityName": "mpa_sapmassupdates",
                        "recordId": "@triggerOutputs()?['body/mpa_sapmassupdateid']",
                        "item/mpa_sapmessage": "@join(body('Clean_Up_Error_Messages'), '. ')",
                        "item/mpa_sapstatus": "Failed"
                      },
                      "authentication": "@parameters('$authentication')"
                    }
                  }
                }
              },
              "expression": {
                "equals": [
                  "@length(outputs('Filter_Messages_for_Errors')?['body'])",
                  0
                ]
              },
              "metadata": {
                "operationMetadataId": "e9efd70f-e739-4ab6-ad9b-90b1e544b087"
              },
              "type": "If"
            },
            "Filter_Messages_for_Errors": {
              "runAfter": {
                "Set_SAPErrorMessage": [
                  "Skipped"
                ]
              },
              "metadata": {
                "operationMetadataId": "314738ec-9d05-4ae3-b089-64259885fb43"
              },
              "type": "Query",
              "inputs": {
                "from": "@outputs('BAPI_ACC_DOCUMENT_POST')?['body/RETURN']",
                "where": "@equals(item()?['TYPE'], 'E')"
              }
            },
            "BAPI_ACC_DOCUMENT_POST": {
              "runAfter": {
                "Set_User": [
                  "Succeeded"
                ]
              },
              "metadata": {
                "operationMetadataId": "a573a2dd-22c9-4316-9d73-b5efc892276e"
              },
              "type": "OpenApiConnection",
              "inputs": {
                "host": {
                  "connectionName": "shared_saperp_1",
                  "operationId": "CallRfcJson",
                  "apiId": "/providers/Microsoft.PowerApps/apis/shared_saperp"
                },
                "parameters": {
                  "x-ms-sap-system": "@parameters('SAP Application Server (mpa_SAPApplicationServer)')",
                  "rfcName": "BAPI_ACC_DOCUMENT_POST:Accounting: Posting:ACC9",
                  "rfcGroupFilter": "*",
                  "autoCommit": true,
                  "rfcInputs/DOCUMENTHEADER/USERNAME": "@variables('User')",
                  "rfcInputs/DOCUMENTHEADER/HEADER_TXT": "@body('Parse_JSON')?['DocHeaderText']",
                  "rfcInputs/DOCUMENTHEADER/COMP_CODE": "@body('Parse_JSON')?['CompanyCode']",
                  "rfcInputs/DOCUMENTHEADER/DOC_DATE": "@substring(body('Parse_JSON')?['DocumentDate'],0,10)",
                  "rfcInputs/DOCUMENTHEADER/PSTNG_DATE": "@substring(body('Parse_JSON')?['PostingDate'],0,10)",
                  "rfcInputs/DOCUMENTHEADER/DOC_TYPE": "@body('Parse_JSON')?['DocumentType']",
                  "rfcInputs/ACCOUNTGL": "@outputs('Account_Assignments')",
                  "rfcInputs/CURRENCYAMOUNT": "@outputs('Amounts')"
                },
                "authentication": "@parameters('$authentication')"
              }
            },
            "Set_User": {
              "runAfter": {
                "Check_Connection": [
                  "Succeeded"
                ]
              },
              "metadata": {
                "operationMetadataId": "04078259-95fd-44a7-901c-8446fb58c7fe"
              },
              "type": "SetVariable",
              "inputs": {
                "name": "User",
                "value": "@{split(split(outputs('Check_Connection')?['body/RESPTEXT'], 'Logon_Data: ')[1], '/')[1]}"
              }
            },
            "Check_Connection": {
              "runAfter": {
                "Account_Assignments": [
                  "Succeeded"
                ]
              },
              "metadata": {
                "operationMetadataId": "0aef3d56-e046-439a-8aeb-d996fff88063"
              },
              "type": "OpenApiConnection",
              "inputs": {
                "host": {
                  "connectionName": "shared_saperp_1",
                  "operationId": "CallRfcJson",
                  "apiId": "/providers/Microsoft.PowerApps/apis/shared_saperp"
                },
                "parameters": {
                  "x-ms-sap-system": "@parameters('SAP Application Server (mpa_SAPApplicationServer)')",
                  "rfcName": "STFC_CONNECTION",
                  "rfcGroupFilter": "*",
                  "autoCommit": false,
                  "rfcInputs/REQUTEXT": "HELLO"
                },
                "authentication": "@parameters('$authentication')"
              }
            },
            "Set_SAPErrorMessage": {
              "runAfter": {
                "BAPI_ACC_DOCUMENT_POST": [
                  "Failed",
                  "TimedOut"
                ]
              },
              "metadata": {
                "operationMetadataId": "8a70d4b9-a001-4eef-9471-3ac46453ca9f"
              },
              "type": "SetVariable",
              "inputs": {
                "name": "SAPErrorMessage",
                "value": "@{body('BAPI_ACC_DOCUMENT_POST')['error']['message']}"
              }
            },
            "Account_Assignments": {
              "runAfter": {
                "Amounts": [
                  "Succeeded"
                ]
              },
              "metadata": {
                "operationMetadataId": "3865ce44-934e-4ece-9719-6e9c1c4d9165"
              },
              "type": "Compose",
              "inputs": [
                {
                  "ITEMNO_ACC": "1",
                  "GL_ACCOUNT": "@if(isInt(body('Parse_JSON')?['CreditAccount']), formatNumber(int(body('Parse_JSON')?['CreditAccount']), 'D10'), body('Parse_JSON')?['CreditAccount'])",
                  "COSTCENTER": "@if(isInt(body('Parse_JSON')?['CreditCostCenter']), formatNumber(int(body('Parse_JSON')?['CreditCostCenter']), 'D10'), body('Parse_JSON')?['CreditCostCenter'])"
                },
                {
                  "ITEMNO_ACC": "2",
                  "GL_ACCOUNT": "@if(isInt(body('Parse_JSON')?['DebitAccount']), formatNumber(int(body('Parse_JSON')?['DebitAccount']), 'D10'), body('Parse_JSON')?['DebitAccount'])",
                  "COSTCENTER": "@if(isInt(body('Parse_JSON')?['DebitCostCenter']), formatNumber(int(body('Parse_JSON')?['DebitCostCenter']), 'D10'), body('Parse_JSON')?['DebitCostCenter'])"
                }
              ]
            },
            "Amounts": {
              "runAfter": {},
              "metadata": {
                "operationMetadataId": "254e07b2-81d8-4479-9996-906f4aaa9819"
              },
              "type": "Compose",
              "inputs": [
                {
                  "ITEMNO_ACC": "1",
                  "CURRENCY": "@body('Parse_JSON')?['Currency']",
                  "AMT_DOCCUR": "@concat('-',body('Parse_JSON')?['Amount'])"
                },
                {
                  "ITEMNO_ACC": "2",
                  "CURRENCY": "@body('Parse_JSON')?['Currency']",
                  "AMT_DOCCUR": "@body('Parse_JSON')?['Amount']"
                }
              ]
            }
          },
          "runAfter": {
            "Initialize_User": [
              "Succeeded"
            ]
          },
          "metadata": {
            "operationMetadataId": "e5876f39-c44e-405d-9990-99ac1c4edb58"
          },
          "type": "Scope"
        },
        "Catch": {
          "actions": {
            "Filter_array": {
              "runAfter": {},
              "metadata": {
                "operationMetadataId": "e4ff6915-74dd-4ad8-aeb5-69689f7cd846"
              },
              "type": "Query",
              "inputs": {
                "from": "@result('Try')",
                "where": "@or(equals(item()?['Status'], 'Failed'), equals(item()?['Status'], 'TimedOut'))"
              }
            },
            "ErrorTable": {
              "runAfter": {
                "Filter_array": [
                  "Succeeded"
                ]
              },
              "metadata": {
                "operationMetadataId": "a4543bb1-084d-4bd9-865a-d59ec8caa8fc"
              },
              "type": "Table",
              "inputs": {
                "from": "@body('Filter_array')",
                "format": "HTML",
                "columns": [
                  {
                    "header": "Step",
                    "value": "@item()?['name']"
                  },
                  {
                    "header": "Status",
                    "value": "@item()?['Status']"
                  },
                  {
                    "header": "Code",
                    "value": "@item()?['code']"
                  },
                  {
                    "header": "InnerErrorMessage",
                    "value": "@{item()?['outputs']?['body']?['error']?['innerError']?['error']?['message']}@{item()?['error']?['message']}@{variables('SAPErrorMessage')}"
                  },
                  {
                    "header": "Input",
                    "value": "@triggerBody()"
                  }
                ]
              }
            },
            "ErrorReturn": {
              "runAfter": {
                "ErrorTable": [
                  "Succeeded"
                ]
              },
              "metadata": {
                "operationMetadataId": "6ea00725-e758-40bb-9cc7-b69d0a65d01b"
              },
              "type": "Select",
              "inputs": {
                "from": "@body('Filter_array')",
                "select": {
                  "Step": "@item()?['name']",
                  "Status": "@item()?['Status']",
                  "Code": "@item()?['code']",
                  "InnerErrorMessage": "@{item()?['outputs']?['body']?['error']?['innerError']?['error']?['message']} @{item()?['error']?['message']} @{variables('SAPErrorMessage')}",
                  "Input": "@triggerBody()",
                  "FlowName": "@workflow()?['tags']['flowDisplayName']",
                  "URL": "@concat('https://flow.microsoft.com/manage/environments/', workflow()?['tags']['environmentName'], '/flows/', workflow()?['name'], '/runs/', workflow()?['run']['name'])"
                }
              }
            },
            "Create_Integration_Log_Error": {
              "runAfter": {
                "ErrorReturn": [
                  "Succeeded"
                ]
              },
              "metadata": {
                "operationMetadataId": "65c53a8f-bba5-4aee-a2c2-1bbea7395180"
              },
              "type": "OpenApiConnection",
              "inputs": {
                "host": {
                  "connectionName": "shared_commondataserviceforapps_1",
                  "operationId": "CreateRecord",
                  "apiId": "/providers/Microsoft.PowerApps/apis/shared_commondataserviceforapps"
                },
                "parameters": {
                  "entityName": "mpa_saperrors",
                  "item/mpa_name": "@outputs('ErrorReturn')?['body'][0]['FlowName']",
                  "item/mpa_action": "@outputs('ErrorReturn')?['body'][0]['Step']",
                  "item/mpa_errormessage": "@outputs('ErrorReturn')?['body'][0]['InnerErrorMessage']",
                  "item/mpa_sourcetype": 865420000,
                  "item/mpa_workflowinstanceurl": "@outputs('ErrorReturn')?['body'][0]['URL']",
                  "item/mpa_workflowstatus": "@If(equals(item()?['Status'], 'Failed'), '865420001', '865420000')"
                },
                "authentication": "@parameters('$authentication')",
                "retryPolicy": {
                  "type": "none"
                }
              }
            },
            "Terminate": {
              "runAfter": {
                "Update_Record_with_Error_Message_2": [
                  "Succeeded"
                ]
              },
              "metadata": {
                "operationMetadataId": "e5ce7ffa-9303-40c5-b594-4dbbdcb8ee36"
              },
              "type": "Terminate",
              "inputs": {
                "runStatus": "Failed"
              }
            },
            "Update_Record_with_Error_Message_2": {
              "runAfter": {
                "Create_Integration_Log_Error": [
                  "Succeeded"
                ]
              },
              "metadata": {
                "operationMetadataId": "c029e0e0-735e-4788-af1d-d2aead1ad9df"
              },
              "type": "OpenApiConnection",
              "inputs": {
                "host": {
                  "connectionName": "shared_commondataserviceforapps_1",
                  "operationId": "UpdateOnlyRecord",
                  "apiId": "/providers/Microsoft.PowerApps/apis/shared_commondataserviceforapps"
                },
                "parameters": {
                  "entityName": "mpa_sapmassupdates",
                  "recordId": "@triggerOutputs()?['body/mpa_sapmassupdateid']",
                  "item/mpa_sapmessage": "@outputs('Create_Integration_Log_Error')?['body/mpa_errormessage']",
                  "item/mpa_sapstatus": "Failed"
                },
                "authentication": "@parameters('$authentication')"
              }
            }
          },
          "runAfter": {
            "Try": [
              "Failed",
              "TimedOut"
            ]
          },
          "metadata": {
            "operationMetadataId": "acddc208-94dd-4daf-9177-fa386ba1baec"
          },
          "type": "Scope"
        },
        "Check_if_Batch_is_Done": {
          "runAfter": {
            "Catch": [
              "Skipped"
            ]
          },
          "metadata": {
            "operationMetadataId": "13439fc6-35d5-41e1-afe8-3ebb6e885e3a"
          },
          "type": "OpenApiConnection",
          "inputs": {
            "host": {
              "connectionName": "shared_commondataserviceforapps_1",
              "operationId": "ListRecords",
              "apiId": "/providers/Microsoft.PowerApps/apis/shared_commondataserviceforapps"
            },
            "parameters": {
              "entityName": "mpa_sapmassupdates",
              "$filter": "(mpa_batch eq '@{triggerOutputs()?['body/mpa_batch']}') and (mpa_sapstatus eq 'Submitted')"
            },
            "authentication": "@parameters('$authentication')"
          }
        },
        "If_All_Rows_Have_Been_Processed": {
          "actions": {
            "Successful_Records": {
              "runAfter": {},
              "metadata": {
                "operationMetadataId": "d93860ce-01f1-4b9f-8af7-1740fcdfd170"
              },
              "type": "OpenApiConnection",
              "inputs": {
                "host": {
                  "connectionName": "shared_commondataserviceforapps_1",
                  "operationId": "ListRecords",
                  "apiId": "/providers/Microsoft.PowerApps/apis/shared_commondataserviceforapps"
                },
                "parameters": {
                  "entityName": "mpa_sapmassupdates",
                  "$filter": "(mpa_batch eq '@{triggerOutputs()?['body/mpa_batch']}') and (mpa_sapstatus eq 'Posted')"
                },
                "authentication": "@parameters('$authentication')"
              }
            },
            "Send_an_email_(V2)": {
              "runAfter": {
                "Get_user_profile_(V2)": [
                  "Succeeded"
                ]
              },
              "metadata": {
                "operationMetadataId": "e7ea655f-b170-441a-be8b-8075e238c3fa"
              },
              "type": "OpenApiConnection",
              "inputs": {
                "host": {
                  "connectionName": "shared_office365_1",
                  "operationId": "SendEmailV2",
                  "apiId": "/providers/Microsoft.PowerApps/apis/shared_office365"
                },
                "parameters": {
                  "emailMessage/To": "@outputs('Get_user_profile_(V2)')?['body/mail']",
                  "emailMessage/Subject": "SAP Mass Update Has Finished for @{triggerOutputs()?['body/mpa_batch']}",
                  "emailMessage/Body": "<p>The batch has finished with the following results:</p>\n<ul>\n  <li>Successful Records -&nbsp;@{length(outputs('Successful_Records')?['body']['value'])}</li>\n  <li>Failed Records - @{length(outputs('Failed_Records')?['body']['value'])}</li>\n</ul>\n<p>Check the logs in Dataverse for more details.</p>",
                  "emailMessage/Importance": "Normal"
                },
                "authentication": "@parameters('$authentication')"
              }
            },
            "Failed_Records": {
              "runAfter": {
                "Successful_Records": [
                  "Succeeded"
                ]
              },
              "metadata": {
                "operationMetadataId": "a4e39c41-c20c-4daa-bbb9-d1e96ba4e193"
              },
              "type": "OpenApiConnection",
              "inputs": {
                "host": {
                  "connectionName": "shared_commondataserviceforapps_1",
                  "operationId": "ListRecords",
                  "apiId": "/providers/Microsoft.PowerApps/apis/shared_commondataserviceforapps"
                },
                "parameters": {
                  "entityName": "mpa_sapmassupdates",
                  "$filter": "(mpa_batch eq '@{triggerOutputs()?['body/mpa_batch']}') and (mpa_sapstatus eq 'Failed')"
                },
                "authentication": "@parameters('$authentication')"
              }
            },
            "Get_user_profile_(V2)": {
              "runAfter": {
                "Failed_Records": [
                  "Succeeded"
                ]
              },
              "metadata": {
                "operationMetadataId": "068d7703-04b8-4b39-b484-7a87825ff05e"
              },
              "type": "OpenApiConnection",
              "inputs": {
                "host": {
                  "connectionName": "shared_office365users_1",
                  "operationId": "UserProfile_V2",
                  "apiId": "/providers/Microsoft.PowerApps/apis/shared_office365users"
                },
                "parameters": {
                  "id": "@triggerOutputs()['headers']['x-ms-user-id']"
                },
                "authentication": "@parameters('$authentication')"
              }
            }
          },
          "runAfter": {
            "Check_if_Batch_is_Done": [
              "Succeeded"
            ]
          },
          "expression": {
            "equals": [
              "@length(outputs('Check_if_Batch_is_Done')?['body']['value'])",
              0
            ]
          },
          "metadata": {
            "operationMetadataId": "2a487e07-3fdf-4d74-bfb5-9ab3c0dea48e"
          },
          "type": "If"
        }
      }
    },
    "templateName": ""
  },
  "schemaVersion": "1.0.0.0"
}