{
  "properties": {
    "connectionReferences": {
      "shared_webcontents": {
        "runtimeSource": "invoker",
        "connection": {
          "connectionReferenceLogicalName": "mpa_sharedwebcontents_795ff"
        },
        "api": {
          "name": "shared_webcontents"
        }
      },
      "shared_commondataserviceforapps_1": {
        "runtimeSource": "embedded",
        "connection": {
          "connectionReferenceLogicalName": "mpa_SAPDataverse"
        },
        "api": {
          "name": "shared_commondataserviceforapps"
        }
      }
    },
    "definition": {
      "$schema": "https://schema.management.azure.com/providers/Microsoft.Logic/schemas/2016-06-01/workflowdefinition.json#",
      "contentVersion": "1.0.0.0",
      "parameters": {
        "$connections": {
          "defaultValue": {},
          "type": "Object"
        },
        "$authentication": {
          "defaultValue": {},
          "type": "SecureObject"
        }
      },
      "triggers": {
        "manual": {
          "metadata": {
            "operationMetadataId": "1d5fc483-4a3d-4558-aa36-9df748c04acc"
          },
          "type": "Request",
          "kind": "Skills",
          "inputs": {
            "schema": {
              "type": "object",
              "properties": {
                "text": {
                  "title": "FileName",
                  "type": "string",
                  "x-ms-dynamically-added": true,
                  "description": "Please enter your input",
                  "x-ms-content-hint": "TEXT"
                }
              },
              "required": [
                "text"
              ]
            }
          }
        }
      },
      "actions": {
        "Respond_to_Copilot": {
          "runAfter": {
            "Prepare_Bulk_Update": [
              "Succeeded"
            ]
          },
          "metadata": {
            "operationMetadataId": "1312ec1c-64af-4819-a6d2-3a30a26ee61d"
          },
          "type": "Response",
          "kind": "Skills",
          "inputs": {
            "statusCode": 200,
            "body": {
              "message": "Your journal entries have been submitted to SAP. You will receive an email when the batch is finished."
            },
            "schema": {
              "type": "object",
              "properties": {
                "message": {
                  "title": "Message",
                  "x-ms-dynamically-added": true,
                  "type": "string"
                }
              }
            }
          }
        },
        "Bulk_Update_to_Dataverse": {
          "runAfter": {
            "Respond_to_Copilot": [
              "Succeeded"
            ]
          },
          "metadata": {
            "operationMetadataId": "48f505e4-e48e-4d53-b675-ab989f7b7091"
          },
          "type": "OpenApiConnection",
          "inputs": {
            "host": {
              "connectionName": "shared_webcontents",
              "operationId": "InvokeHttp",
              "apiId": "/providers/Microsoft.PowerApps/apis/shared_webcontents"
            },
            "parameters": {
              "request/method": "POST",
              "request/url": "/api/data/v9.2/mpa_sapmassupdates/Microsoft.Dynamics.CRM.UpdateMultiple",
              "request/headers": {
                "OData-MaxVersion": "4.0",
                "OData-Version": "4.0",
                "If-None-Match": "null",
                "Accept": "application/json",
                "Content-Type": "application/json; charset=utf-8"
              },
              "request/body": "{\n    \"Targets\": @{body('Prepare_Bulk_Update')}\n}"
            },
            "authentication": "@parameters('$authentication')"
          }
        },
        "Prepare_Bulk_Update": {
          "runAfter": {
            "Get_Rows": [
              "Succeeded"
            ]
          },
          "metadata": {
            "operationMetadataId": "542e2ef4-1c24-4644-90d0-e29fe092115c"
          },
          "type": "Select",
          "inputs": {
            "from": "@outputs('Get_Rows')?['body/value']",
            "select": {
              "mpa_sapmassupdateid": "@item()?['mpa_sapmassupdateid']",
              "mpa_sapstatus": "Submitted",
              "@@odata.type": "Microsoft.Dynamics.CRM.mpa_sapmassupdate"
            }
          }
        },
        "Get_Rows": {
          "runAfter": {},
          "metadata": {
            "operationMetadataId": "e3b05bf8-5019-4dde-8077-47ddfdf28a00"
          },
          "type": "OpenApiConnection",
          "inputs": {
            "host": {
              "connectionName": "shared_commondataserviceforapps_1",
              "operationId": "ListRecords",
              "apiId": "/providers/Microsoft.PowerApps/apis/shared_commondataserviceforapps"
            },
            "parameters": {
              "entityName": "mpa_sapmassupdates",
              "$select": "mpa_sapmassupdateid",
              "$filter": "mpa_batch eq '@{triggerBody()['text']}'"
            },
            "authentication": "@parameters('$authentication')"
          }
        }
      }
    },
    "templateName": ""
  },
  "schemaVersion": "1.0.0.0"
}